-- Import projects/tracks from music.data.ts.
-- Inferred mappings: albums -> projects, album.tracks -> tracks, project order -> project_tracks.position.
-- Inferred project types by track count: 1 = single, 2-5 = ep, 6+ = album.
-- Track `writer` fields in music.data.ts are not imported because the current schema has no destination column.
-- `Out Of Reach` only includes a year (2011), so `release_date` is left NULL rather than inventing a full date.
-- Expected existing artist slugs (from src/lib/utils/slug.ts): dan-bednarczyk, jonah, the-vectors.

INSERT OR IGNORE INTO projects (slug, name, description, type, release_date, remaster_date) VALUES
  ('sketches-from-sacramento', 'Sketches From Sacramento', '', 'album', '2022-08-05', NULL),
  ('need-not', 'Need Not', '', 'ep', '2018-03-30', NULL),
  ('silent-city', 'Silent City', '', 'album', '2017-12-15', NULL),
  ('human-architecture', 'Human Architecture', '', 'album', '2017-01-13', NULL),
  ('out-of-reach', 'Out Of Reach', '', 'album', NULL, NULL),
  ('dynamite-nonstick', 'Dynamite Nonstick', '', 'album', '2025-05-30', NULL),
  ('crooked-spine', 'Crooked Spine', '', 'ep', '2024-03-29', NULL),
  ('peanut-butter-jam', 'Peanut Butter Jam', '', 'single', '2017-01-20', NULL),
  ('songs-and-how-not-to-write-them', 'Songs; And How NOT To Write Them!', '', 'album', '2015-01-20', NULL),
  ('yellow-snow', 'Yellow Snow', '', 'ep', '2015-07-25', NULL);

INSERT OR IGNORE INTO tracks (slug, name) VALUES
  ('paradise', 'Paradise'),
  ('its-real', 'It''s Real'),
  ('love-letters-of-the-21st-century', 'Love Letters of the 21st Century'),
  ('born-strangers', 'Born Strangers'),
  ('waiting', 'Waiting'),
  ('fortune', 'Fortune'),
  ('the-view-from-the-third-rock-from-the-sun', '(The View From) The Third Rock (From The Sun)'),
  ('until-today', 'Until Today'),
  ('feel-something', 'Feel Something'),
  ('nature-vs-nature', 'Nature vs Nature'),
  ('small-world', 'Small World'),
  ('earthquake-day', 'Earthquake Day'),
  ('clarity', 'Clarity'),
  ('momentum', 'Momentum'),
  ('america-incorporated', 'America Incorporated'),
  ('dysphoria', 'Dysphoria'),
  ('reality-cruising', 'Reality Cruising'),
  ('amnesiac', 'Amnesiac'),
  ('the-optimist', 'The Optimist'),
  ('silent-spring', 'Silent Spring'),
  ('looper', 'Looper'),
  ('history-begins', 'History Begins'),
  ('collector', 'Collector'),
  ('constellations', 'Constellations'),
  ('new-idol', 'New Idol'),
  ('tremors', 'Tremors'),
  ('in-valor-venom', 'In Valor & Venom'),
  ('gyroscope', 'Gyroscope'),
  ('eyes-averted', 'Eyes Averted'),
  ('fiend', 'Fiend'),
  ('atrophy', 'Atrophy'),
  ('waking-hours', 'Waking Hours'),
  ('seek-shelter', 'Seek Shelter'),
  ('architecture', 'Architecture'),
  ('last-will', 'Last Will'),
  ('new-life', 'New Life'),
  ('swift', 'Swift'),
  ('pink-flamingo', 'Pink Flamingo'),
  ('exactly', 'Exactly!'),
  ('memento-mori', 'Memento Mori'),
  ('in-loving-memory', 'In Loving Memory...'),
  ('quicksand', 'Quicksand'),
  ('the-bullfighter', 'The Bullfighter'),
  ('paperwork', 'Paperwork'),
  ('resurrection', 'Resurrection'),
  ('identity', 'Identity'),
  ('the-ballad-of-billy-mays', 'The Ballad of Billy Mays'),
  ('you-took-everything-an-interlude', 'You Took Everything, An Interlude'),
  ('demolition', 'Demolition'),
  ('the-marrow-of-a-bone', 'The Marrow of a Bone'),
  ('frail', 'Frail'),
  ('temptation', 'Temptation'),
  ('release', 'Release'),
  ('execution', 'Execution'),
  ('extrication', 'Extrication'),
  ('rue-morgue-feat-eden', 'Rue Morgue (feat. eden)'),
  ('175', '175'),
  ('saw-you-in-half', 'Saw You (In Half)'),
  ('turtleneck', 'Turtleneck'),
  ('dam', 'D.A.M.'),
  ('no-enemy', 'No Enemy'),
  ('fly-around-feat-faust', 'Fly Around (feat. faust)'),
  ('reno', 'Reno'),
  ('new-things', 'New Things'),
  ('starlight', 'Starlight'),
  ('front-porch', 'Front Porch'),
  ('nimrod', 'Nimrod'),
  ('on-a-whim-feat-eden', 'On A Whim (feat. eden)'),
  ('sister', 'Sister'),
  ('airhead', 'Airhead'),
  ('get-stuck', 'Get Stuck'),
  ('my-whole-life', 'My Whole Life'),
  ('rules-like-dogs', 'Rules Like Dogs'),
  ('peanut-butter-jam', 'Peanut Butter Jam'),
  ('revolution-day-one', 'Revolution: Day One'),
  ('bob', 'Bob'),
  ('revenge-of-the-pink-flamingo', 'Revenge of the Pink Flamingo'),
  ('i-melt-with-you', 'I Melt With You'),
  ('no-direction', 'No Direction'),
  ('tourettes', 'tourette''s'),
  ('sell-out', 'Sell Out'),
  ('just-another', 'Just Another'),
  ('walking-the-plank', 'Walking The Plank'),
  ('new-girl', 'New Girl'),
  ('cartoon-chase-scene', 'Cartoon Chase Scene'),
  ('blue-moon', 'Blue Moon'),
  ('the-wave-equation', 'The Wave Equation'),
  ('what-i-got', 'What I Got'),
  ('requiem-for-third-wave-ska', 'Requiem For Third Wave Ska'),
  ('white-christmas', 'White Christmas'),
  ('the-year-that-flying-monkeys-saved-christmas', 'The Year That Flying Monkeys Saved Christmas'),
  ('randolph-the-red-headed-gingerbread-man', 'Randolph The Red-Headed Gingerbread Man'),
  ('the-elf-who-wanted-to-be-a-dentist', 'The Elf Who Wanted To Be A Dentist'),
  ('jingle-squeals', 'Jingle Squeals');

INSERT OR IGNORE INTO project_artists (project_slug, artist_slug) VALUES
  ('sketches-from-sacramento', 'dan-bednarczyk'),
  ('need-not', 'dan-bednarczyk'),
  ('silent-city', 'dan-bednarczyk'),
  ('human-architecture', 'dan-bednarczyk'),
  ('out-of-reach', 'dan-bednarczyk'),
  ('dynamite-nonstick', 'jonah'),
  ('crooked-spine', 'jonah'),
  ('peanut-butter-jam', 'the-vectors'),
  ('songs-and-how-not-to-write-them', 'the-vectors'),
  ('yellow-snow', 'the-vectors');

INSERT OR IGNORE INTO track_artists (track_slug, artist_slug) VALUES
  ('paradise', 'dan-bednarczyk'),
  ('its-real', 'dan-bednarczyk'),
  ('love-letters-of-the-21st-century', 'dan-bednarczyk'),
  ('born-strangers', 'dan-bednarczyk'),
  ('waiting', 'dan-bednarczyk'),
  ('fortune', 'dan-bednarczyk'),
  ('the-view-from-the-third-rock-from-the-sun', 'dan-bednarczyk'),
  ('until-today', 'dan-bednarczyk'),
  ('feel-something', 'dan-bednarczyk'),
  ('nature-vs-nature', 'dan-bednarczyk'),
  ('small-world', 'dan-bednarczyk'),
  ('earthquake-day', 'dan-bednarczyk'),
  ('clarity', 'dan-bednarczyk'),
  ('momentum', 'dan-bednarczyk'),
  ('america-incorporated', 'dan-bednarczyk'),
  ('dysphoria', 'dan-bednarczyk'),
  ('reality-cruising', 'dan-bednarczyk'),
  ('amnesiac', 'dan-bednarczyk'),
  ('the-optimist', 'dan-bednarczyk'),
  ('silent-spring', 'dan-bednarczyk'),
  ('looper', 'dan-bednarczyk'),
  ('history-begins', 'dan-bednarczyk'),
  ('collector', 'dan-bednarczyk'),
  ('constellations', 'dan-bednarczyk'),
  ('new-idol', 'dan-bednarczyk'),
  ('tremors', 'dan-bednarczyk'),
  ('in-valor-venom', 'dan-bednarczyk'),
  ('gyroscope', 'dan-bednarczyk'),
  ('eyes-averted', 'dan-bednarczyk'),
  ('fiend', 'dan-bednarczyk'),
  ('atrophy', 'dan-bednarczyk'),
  ('waking-hours', 'dan-bednarczyk'),
  ('seek-shelter', 'dan-bednarczyk'),
  ('architecture', 'dan-bednarczyk'),
  ('last-will', 'dan-bednarczyk'),
  ('new-life', 'dan-bednarczyk'),
  ('swift', 'dan-bednarczyk'),
  ('pink-flamingo', 'dan-bednarczyk'),
  ('exactly', 'dan-bednarczyk'),
  ('memento-mori', 'dan-bednarczyk'),
  ('in-loving-memory', 'dan-bednarczyk'),
  ('quicksand', 'dan-bednarczyk'),
  ('the-bullfighter', 'dan-bednarczyk'),
  ('paperwork', 'dan-bednarczyk'),
  ('resurrection', 'dan-bednarczyk'),
  ('identity', 'dan-bednarczyk'),
  ('the-ballad-of-billy-mays', 'dan-bednarczyk'),
  ('you-took-everything-an-interlude', 'dan-bednarczyk'),
  ('demolition', 'dan-bednarczyk'),
  ('the-marrow-of-a-bone', 'dan-bednarczyk'),
  ('frail', 'dan-bednarczyk'),
  ('temptation', 'dan-bednarczyk'),
  ('release', 'dan-bednarczyk'),
  ('execution', 'dan-bednarczyk'),
  ('extrication', 'dan-bednarczyk'),
  ('rue-morgue-feat-eden', 'jonah'),
  ('175', 'jonah'),
  ('saw-you-in-half', 'jonah'),
  ('turtleneck', 'jonah'),
  ('dam', 'jonah'),
  ('no-enemy', 'jonah'),
  ('fly-around-feat-faust', 'jonah'),
  ('reno', 'jonah'),
  ('new-things', 'jonah'),
  ('starlight', 'jonah'),
  ('front-porch', 'jonah'),
  ('nimrod', 'jonah'),
  ('on-a-whim-feat-eden', 'jonah'),
  ('sister', 'jonah'),
  ('airhead', 'jonah'),
  ('get-stuck', 'jonah'),
  ('my-whole-life', 'jonah'),
  ('rules-like-dogs', 'jonah'),
  ('peanut-butter-jam', 'the-vectors'),
  ('revolution-day-one', 'the-vectors'),
  ('bob', 'the-vectors'),
  ('revenge-of-the-pink-flamingo', 'the-vectors'),
  ('i-melt-with-you', 'the-vectors'),
  ('no-direction', 'the-vectors'),
  ('tourettes', 'the-vectors'),
  ('sell-out', 'the-vectors'),
  ('just-another', 'the-vectors'),
  ('walking-the-plank', 'the-vectors'),
  ('new-girl', 'the-vectors'),
  ('cartoon-chase-scene', 'the-vectors'),
  ('blue-moon', 'the-vectors'),
  ('the-wave-equation', 'the-vectors'),
  ('what-i-got', 'the-vectors'),
  ('requiem-for-third-wave-ska', 'the-vectors'),
  ('white-christmas', 'the-vectors'),
  ('the-year-that-flying-monkeys-saved-christmas', 'the-vectors'),
  ('randolph-the-red-headed-gingerbread-man', 'the-vectors'),
  ('the-elf-who-wanted-to-be-a-dentist', 'the-vectors'),
  ('jingle-squeals', 'the-vectors');

INSERT OR IGNORE INTO project_tracks (project_slug, track_slug, position) VALUES
  ('sketches-from-sacramento', 'paradise', 1),
  ('sketches-from-sacramento', 'its-real', 2),
  ('sketches-from-sacramento', 'love-letters-of-the-21st-century', 3),
  ('sketches-from-sacramento', 'born-strangers', 4),
  ('sketches-from-sacramento', 'waiting', 5),
  ('sketches-from-sacramento', 'fortune', 6),
  ('sketches-from-sacramento', 'the-view-from-the-third-rock-from-the-sun', 7),
  ('need-not', 'until-today', 1),
  ('need-not', 'feel-something', 2),
  ('need-not', 'nature-vs-nature', 3),
  ('need-not', 'small-world', 4),
  ('silent-city', 'earthquake-day', 1),
  ('silent-city', 'clarity', 2),
  ('silent-city', 'momentum', 3),
  ('silent-city', 'america-incorporated', 4),
  ('silent-city', 'dysphoria', 5),
  ('silent-city', 'reality-cruising', 6),
  ('silent-city', 'amnesiac', 7),
  ('silent-city', 'the-optimist', 8),
  ('silent-city', 'silent-spring', 9),
  ('silent-city', 'looper', 10),
  ('human-architecture', 'history-begins', 1),
  ('human-architecture', 'collector', 2),
  ('human-architecture', 'constellations', 3),
  ('human-architecture', 'new-idol', 4),
  ('human-architecture', 'tremors', 5),
  ('human-architecture', 'in-valor-venom', 6),
  ('human-architecture', 'gyroscope', 7),
  ('human-architecture', 'eyes-averted', 8),
  ('human-architecture', 'fiend', 9),
  ('human-architecture', 'atrophy', 10),
  ('human-architecture', 'waking-hours', 11),
  ('human-architecture', 'seek-shelter', 12),
  ('human-architecture', 'architecture', 13),
  ('human-architecture', 'last-will', 14),
  ('out-of-reach', 'new-life', 1),
  ('out-of-reach', 'swift', 2),
  ('out-of-reach', 'pink-flamingo', 3),
  ('out-of-reach', 'exactly', 4),
  ('out-of-reach', 'memento-mori', 5),
  ('out-of-reach', 'in-loving-memory', 6),
  ('out-of-reach', 'quicksand', 7),
  ('out-of-reach', 'the-bullfighter', 8),
  ('out-of-reach', 'paperwork', 9),
  ('out-of-reach', 'resurrection', 10),
  ('out-of-reach', 'identity', 11),
  ('out-of-reach', 'the-ballad-of-billy-mays', 12),
  ('out-of-reach', 'you-took-everything-an-interlude', 13),
  ('out-of-reach', 'demolition', 14),
  ('out-of-reach', 'the-marrow-of-a-bone', 15),
  ('out-of-reach', 'frail', 16),
  ('out-of-reach', 'temptation', 17),
  ('out-of-reach', 'release', 18),
  ('out-of-reach', 'execution', 19),
  ('out-of-reach', 'extrication', 20),
  ('dynamite-nonstick', 'rue-morgue-feat-eden', 1),
  ('dynamite-nonstick', '175', 2),
  ('dynamite-nonstick', 'saw-you-in-half', 3),
  ('dynamite-nonstick', 'turtleneck', 4),
  ('dynamite-nonstick', 'dam', 5),
  ('dynamite-nonstick', 'no-enemy', 6),
  ('dynamite-nonstick', 'fly-around-feat-faust', 7),
  ('dynamite-nonstick', 'reno', 8),
  ('dynamite-nonstick', 'new-things', 9),
  ('dynamite-nonstick', 'starlight', 10),
  ('dynamite-nonstick', 'front-porch', 11),
  ('dynamite-nonstick', 'nimrod', 12),
  ('dynamite-nonstick', 'on-a-whim-feat-eden', 13),
  ('crooked-spine', 'sister', 1),
  ('crooked-spine', 'airhead', 2),
  ('crooked-spine', 'get-stuck', 3),
  ('crooked-spine', 'my-whole-life', 4),
  ('crooked-spine', 'rules-like-dogs', 5),
  ('peanut-butter-jam', 'peanut-butter-jam', 1),
  ('songs-and-how-not-to-write-them', 'revolution-day-one', 1),
  ('songs-and-how-not-to-write-them', 'bob', 2),
  ('songs-and-how-not-to-write-them', 'revenge-of-the-pink-flamingo', 3),
  ('songs-and-how-not-to-write-them', 'i-melt-with-you', 4),
  ('songs-and-how-not-to-write-them', 'no-direction', 5),
  ('songs-and-how-not-to-write-them', 'tourettes', 6),
  ('songs-and-how-not-to-write-them', 'sell-out', 7),
  ('songs-and-how-not-to-write-them', 'just-another', 8),
  ('songs-and-how-not-to-write-them', 'walking-the-plank', 9),
  ('songs-and-how-not-to-write-them', 'new-girl', 10),
  ('songs-and-how-not-to-write-them', 'cartoon-chase-scene', 11),
  ('songs-and-how-not-to-write-them', 'blue-moon', 12),
  ('songs-and-how-not-to-write-them', 'the-wave-equation', 13),
  ('songs-and-how-not-to-write-them', 'what-i-got', 14),
  ('songs-and-how-not-to-write-them', 'requiem-for-third-wave-ska', 15),
  ('yellow-snow', 'white-christmas', 1),
  ('yellow-snow', 'the-year-that-flying-monkeys-saved-christmas', 2),
  ('yellow-snow', 'randolph-the-red-headed-gingerbread-man', 3),
  ('yellow-snow', 'the-elf-who-wanted-to-be-a-dentist', 4),
  ('yellow-snow', 'jingle-squeals', 5);
