PRAGMA foreign_keys = ON;

INSERT INTO artists (slug, name, description) VALUES ('dan-bednarczyk', 'Dan Bednarczyk', '') ON CONFLICT(slug) DO UPDATE SET name = excluded.name, description = excluded.description;

DELETE FROM project_tracks WHERE project_slug IN ('test-project', 'test-album', 'test-ep', 'test-setlist', 'test-single');
DELETE FROM project_artists WHERE project_slug IN ('test-project', 'test-album', 'test-ep', 'test-setlist', 'test-single');
DELETE FROM projects WHERE slug IN ('test-project', 'test-album', 'test-ep', 'test-setlist', 'test-single');

INSERT INTO projects (slug, name, description, type, release_date, remaster_date) VALUES ('test-album', 'Test Album', '', 'album', NULL, NULL) ON CONFLICT(slug) DO UPDATE SET name = excluded.name, description = excluded.description, type = excluded.type, release_date = excluded.release_date, remaster_date = excluded.remaster_date;
INSERT INTO project_artists (project_slug, artist_slug) VALUES ('test-album', 'dan-bednarczyk') ON CONFLICT(project_slug, artist_slug) DO NOTHING;
INSERT INTO projects (slug, name, description, type, release_date, remaster_date) VALUES ('test-ep', 'Test EP', '', 'ep', NULL, NULL) ON CONFLICT(slug) DO UPDATE SET name = excluded.name, description = excluded.description, type = excluded.type, release_date = excluded.release_date, remaster_date = excluded.remaster_date;
INSERT INTO project_artists (project_slug, artist_slug) VALUES ('test-ep', 'dan-bednarczyk') ON CONFLICT(project_slug, artist_slug) DO NOTHING;
INSERT INTO projects (slug, name, description, type, release_date, remaster_date) VALUES ('test-setlist', 'Test Setlist', '', 'setlist', NULL, NULL) ON CONFLICT(slug) DO UPDATE SET name = excluded.name, description = excluded.description, type = excluded.type, release_date = excluded.release_date, remaster_date = excluded.remaster_date;
INSERT INTO project_artists (project_slug, artist_slug) VALUES ('test-setlist', 'dan-bednarczyk') ON CONFLICT(project_slug, artist_slug) DO NOTHING;
INSERT INTO projects (slug, name, description, type, release_date, remaster_date) VALUES ('test-single', 'Test Single', '', 'single', NULL, NULL) ON CONFLICT(slug) DO UPDATE SET name = excluded.name, description = excluded.description, type = excluded.type, release_date = excluded.release_date, remaster_date = excluded.remaster_date;
INSERT INTO project_artists (project_slug, artist_slug) VALUES ('test-single', 'dan-bednarczyk') ON CONFLICT(project_slug, artist_slug) DO NOTHING;

INSERT INTO tracks (slug, lyrics_path, notes_path, chords_path) VALUES ('accolade', NULL, NULL, NULL) ON CONFLICT(slug) DO UPDATE SET lyrics_path = COALESCE(excluded.lyrics_path, tracks.lyrics_path), notes_path = COALESCE(excluded.notes_path, tracks.notes_path), chords_path = COALESCE(excluded.chords_path, tracks.chords_path);
INSERT INTO tracks (slug, lyrics_path, notes_path, chords_path) VALUES ('alaska', NULL, NULL, NULL) ON CONFLICT(slug) DO UPDATE SET lyrics_path = COALESCE(excluded.lyrics_path, tracks.lyrics_path), notes_path = COALESCE(excluded.notes_path, tracks.notes_path), chords_path = COALESCE(excluded.chords_path, tracks.chords_path);
INSERT INTO tracks (slug, lyrics_path, notes_path, chords_path) VALUES ('all-alone', NULL, NULL, NULL) ON CONFLICT(slug) DO UPDATE SET lyrics_path = COALESCE(excluded.lyrics_path, tracks.lyrics_path), notes_path = COALESCE(excluded.notes_path, tracks.notes_path), chords_path = COALESCE(excluded.chords_path, tracks.chords_path);
INSERT INTO tracks (slug, lyrics_path, notes_path, chords_path) VALUES ('alright', NULL, NULL, NULL) ON CONFLICT(slug) DO UPDATE SET lyrics_path = COALESCE(excluded.lyrics_path, tracks.lyrics_path), notes_path = COALESCE(excluded.notes_path, tracks.notes_path), chords_path = COALESCE(excluded.chords_path, tracks.chords_path);
INSERT INTO tracks (slug, lyrics_path, notes_path, chords_path) VALUES ('anachronism', NULL, NULL, NULL) ON CONFLICT(slug) DO UPDATE SET lyrics_path = COALESCE(excluded.lyrics_path, tracks.lyrics_path), notes_path = COALESCE(excluded.notes_path, tracks.notes_path), chords_path = COALESCE(excluded.chords_path, tracks.chords_path);
INSERT INTO tracks (slug, lyrics_path, notes_path, chords_path) VALUES ('angel-in-distress', NULL, NULL, NULL) ON CONFLICT(slug) DO UPDATE SET lyrics_path = COALESCE(excluded.lyrics_path, tracks.lyrics_path), notes_path = COALESCE(excluded.notes_path, tracks.notes_path), chords_path = COALESCE(excluded.chords_path, tracks.chords_path);
INSERT INTO tracks (slug, lyrics_path, notes_path, chords_path) VALUES ('bill-murrays-boat', NULL, NULL, NULL) ON CONFLICT(slug) DO UPDATE SET lyrics_path = COALESCE(excluded.lyrics_path, tracks.lyrics_path), notes_path = COALESCE(excluded.notes_path, tracks.notes_path), chords_path = COALESCE(excluded.chords_path, tracks.chords_path);
INSERT INTO tracks (slug, lyrics_path, notes_path, chords_path) VALUES ('bouncy-vampire', NULL, NULL, NULL) ON CONFLICT(slug) DO UPDATE SET lyrics_path = COALESCE(excluded.lyrics_path, tracks.lyrics_path), notes_path = COALESCE(excluded.notes_path, tracks.notes_path), chords_path = COALESCE(excluded.chords_path, tracks.chords_path);
INSERT INTO tracks (slug, lyrics_path, notes_path, chords_path) VALUES ('brooding-finale', NULL, NULL, NULL) ON CONFLICT(slug) DO UPDATE SET lyrics_path = COALESCE(excluded.lyrics_path, tracks.lyrics_path), notes_path = COALESCE(excluded.notes_path, tracks.notes_path), chords_path = COALESCE(excluded.chords_path, tracks.chords_path);
INSERT INTO tracks (slug, lyrics_path, notes_path, chords_path) VALUES ('but-a-fable', NULL, NULL, NULL) ON CONFLICT(slug) DO UPDATE SET lyrics_path = COALESCE(excluded.lyrics_path, tracks.lyrics_path), notes_path = COALESCE(excluded.notes_path, tracks.notes_path), chords_path = COALESCE(excluded.chords_path, tracks.chords_path);
INSERT INTO tracks (slug, lyrics_path, notes_path, chords_path) VALUES ('cant-make-everybody-happy', NULL, NULL, NULL) ON CONFLICT(slug) DO UPDATE SET lyrics_path = COALESCE(excluded.lyrics_path, tracks.lyrics_path), notes_path = COALESCE(excluded.notes_path, tracks.notes_path), chords_path = COALESCE(excluded.chords_path, tracks.chords_path);
INSERT INTO tracks (slug, lyrics_path, notes_path, chords_path) VALUES ('canyon-cove', NULL, NULL, NULL) ON CONFLICT(slug) DO UPDATE SET lyrics_path = COALESCE(excluded.lyrics_path, tracks.lyrics_path), notes_path = COALESCE(excluded.notes_path, tracks.notes_path), chords_path = COALESCE(excluded.chords_path, tracks.chords_path);
INSERT INTO tracks (slug, lyrics_path, notes_path, chords_path) VALUES ('coming-to-get-me', NULL, NULL, NULL) ON CONFLICT(slug) DO UPDATE SET lyrics_path = COALESCE(excluded.lyrics_path, tracks.lyrics_path), notes_path = COALESCE(excluded.notes_path, tracks.notes_path), chords_path = COALESCE(excluded.chords_path, tracks.chords_path);
INSERT INTO tracks (slug, lyrics_path, notes_path, chords_path) VALUES ('company', NULL, NULL, NULL) ON CONFLICT(slug) DO UPDATE SET lyrics_path = COALESCE(excluded.lyrics_path, tracks.lyrics_path), notes_path = COALESCE(excluded.notes_path, tracks.notes_path), chords_path = COALESCE(excluded.chords_path, tracks.chords_path);
INSERT INTO tracks (slug, lyrics_path, notes_path, chords_path) VALUES ('compass', NULL, NULL, NULL) ON CONFLICT(slug) DO UPDATE SET lyrics_path = COALESCE(excluded.lyrics_path, tracks.lyrics_path), notes_path = COALESCE(excluded.notes_path, tracks.notes_path), chords_path = COALESCE(excluded.chords_path, tracks.chords_path);
INSERT INTO tracks (slug, lyrics_path, notes_path, chords_path) VALUES ('conquistador', NULL, NULL, NULL) ON CONFLICT(slug) DO UPDATE SET lyrics_path = COALESCE(excluded.lyrics_path, tracks.lyrics_path), notes_path = COALESCE(excluded.notes_path, tracks.notes_path), chords_path = COALESCE(excluded.chords_path, tracks.chords_path);
INSERT INTO tracks (slug, lyrics_path, notes_path, chords_path) VALUES ('contortion', NULL, NULL, NULL) ON CONFLICT(slug) DO UPDATE SET lyrics_path = COALESCE(excluded.lyrics_path, tracks.lyrics_path), notes_path = COALESCE(excluded.notes_path, tracks.notes_path), chords_path = COALESCE(excluded.chords_path, tracks.chords_path);
INSERT INTO tracks (slug, lyrics_path, notes_path, chords_path) VALUES ('counting-days', NULL, NULL, NULL) ON CONFLICT(slug) DO UPDATE SET lyrics_path = COALESCE(excluded.lyrics_path, tracks.lyrics_path), notes_path = COALESCE(excluded.notes_path, tracks.notes_path), chords_path = COALESCE(excluded.chords_path, tracks.chords_path);
INSERT INTO tracks (slug, lyrics_path, notes_path, chords_path) VALUES ('county-fair-blues', NULL, NULL, NULL) ON CONFLICT(slug) DO UPDATE SET lyrics_path = COALESCE(excluded.lyrics_path, tracks.lyrics_path), notes_path = COALESCE(excluded.notes_path, tracks.notes_path), chords_path = COALESCE(excluded.chords_path, tracks.chords_path);
INSERT INTO tracks (slug, lyrics_path, notes_path, chords_path) VALUES ('crisis', NULL, NULL, NULL) ON CONFLICT(slug) DO UPDATE SET lyrics_path = COALESCE(excluded.lyrics_path, tracks.lyrics_path), notes_path = COALESCE(excluded.notes_path, tracks.notes_path), chords_path = COALESCE(excluded.chords_path, tracks.chords_path);
INSERT INTO tracks (slug, lyrics_path, notes_path, chords_path) VALUES ('dark-fingerpicking', NULL, NULL, NULL) ON CONFLICT(slug) DO UPDATE SET lyrics_path = COALESCE(excluded.lyrics_path, tracks.lyrics_path), notes_path = COALESCE(excluded.notes_path, tracks.notes_path), chords_path = COALESCE(excluded.chords_path, tracks.chords_path);
INSERT INTO tracks (slug, lyrics_path, notes_path, chords_path) VALUES ('dark-jazz-piano', NULL, NULL, NULL) ON CONFLICT(slug) DO UPDATE SET lyrics_path = COALESCE(excluded.lyrics_path, tracks.lyrics_path), notes_path = COALESCE(excluded.notes_path, tracks.notes_path), chords_path = COALESCE(excluded.chords_path, tracks.chords_path);
INSERT INTO tracks (slug, lyrics_path, notes_path, chords_path) VALUES ('daydream', NULL, NULL, NULL) ON CONFLICT(slug) DO UPDATE SET lyrics_path = COALESCE(excluded.lyrics_path, tracks.lyrics_path), notes_path = COALESCE(excluded.notes_path, tracks.notes_path), chords_path = COALESCE(excluded.chords_path, tracks.chords_path);
INSERT INTO tracks (slug, lyrics_path, notes_path, chords_path) VALUES ('days-without-rain', NULL, NULL, NULL) ON CONFLICT(slug) DO UPDATE SET lyrics_path = COALESCE(excluded.lyrics_path, tracks.lyrics_path), notes_path = COALESCE(excluded.notes_path, tracks.notes_path), chords_path = COALESCE(excluded.chords_path, tracks.chords_path);
INSERT INTO tracks (slug, lyrics_path, notes_path, chords_path) VALUES ('dead-in-the-water', NULL, NULL, NULL) ON CONFLICT(slug) DO UPDATE SET lyrics_path = COALESCE(excluded.lyrics_path, tracks.lyrics_path), notes_path = COALESCE(excluded.notes_path, tracks.notes_path), chords_path = COALESCE(excluded.chords_path, tracks.chords_path);
INSERT INTO tracks (slug, lyrics_path, notes_path, chords_path) VALUES ('diminished-riff', NULL, NULL, NULL) ON CONFLICT(slug) DO UPDATE SET lyrics_path = COALESCE(excluded.lyrics_path, tracks.lyrics_path), notes_path = COALESCE(excluded.notes_path, tracks.notes_path), chords_path = COALESCE(excluded.chords_path, tracks.chords_path);
INSERT INTO tracks (slug, lyrics_path, notes_path, chords_path) VALUES ('disaster-natural', NULL, NULL, NULL) ON CONFLICT(slug) DO UPDATE SET lyrics_path = COALESCE(excluded.lyrics_path, tracks.lyrics_path), notes_path = COALESCE(excluded.notes_path, tracks.notes_path), chords_path = COALESCE(excluded.chords_path, tracks.chords_path);
INSERT INTO tracks (slug, lyrics_path, notes_path, chords_path) VALUES ('dissonant-drone', NULL, NULL, NULL) ON CONFLICT(slug) DO UPDATE SET lyrics_path = COALESCE(excluded.lyrics_path, tracks.lyrics_path), notes_path = COALESCE(excluded.notes_path, tracks.notes_path), chords_path = COALESCE(excluded.chords_path, tracks.chords_path);
INSERT INTO tracks (slug, lyrics_path, notes_path, chords_path) VALUES ('dont-ask-me', NULL, NULL, NULL) ON CONFLICT(slug) DO UPDATE SET lyrics_path = COALESCE(excluded.lyrics_path, tracks.lyrics_path), notes_path = COALESCE(excluded.notes_path, tracks.notes_path), chords_path = COALESCE(excluded.chords_path, tracks.chords_path);
INSERT INTO tracks (slug, lyrics_path, notes_path, chords_path) VALUES ('down', NULL, NULL, NULL) ON CONFLICT(slug) DO UPDATE SET lyrics_path = COALESCE(excluded.lyrics_path, tracks.lyrics_path), notes_path = COALESCE(excluded.notes_path, tracks.notes_path), chords_path = COALESCE(excluded.chords_path, tracks.chords_path);
INSERT INTO tracks (slug, lyrics_path, notes_path, chords_path) VALUES ('dying-inside', NULL, NULL, NULL) ON CONFLICT(slug) DO UPDATE SET lyrics_path = COALESCE(excluded.lyrics_path, tracks.lyrics_path), notes_path = COALESCE(excluded.notes_path, tracks.notes_path), chords_path = COALESCE(excluded.chords_path, tracks.chords_path);
INSERT INTO tracks (slug, lyrics_path, notes_path, chords_path) VALUES ('dynamite-baby', NULL, NULL, NULL) ON CONFLICT(slug) DO UPDATE SET lyrics_path = COALESCE(excluded.lyrics_path, tracks.lyrics_path), notes_path = COALESCE(excluded.notes_path, tracks.notes_path), chords_path = COALESCE(excluded.chords_path, tracks.chords_path);
INSERT INTO tracks (slug, lyrics_path, notes_path, chords_path) VALUES ('dynasty', NULL, NULL, NULL) ON CONFLICT(slug) DO UPDATE SET lyrics_path = COALESCE(excluded.lyrics_path, tracks.lyrics_path), notes_path = COALESCE(excluded.notes_path, tracks.notes_path), chords_path = COALESCE(excluded.chords_path, tracks.chords_path);
INSERT INTO tracks (slug, lyrics_path, notes_path, chords_path) VALUES ('eager-beaver-shuffle', NULL, NULL, NULL) ON CONFLICT(slug) DO UPDATE SET lyrics_path = COALESCE(excluded.lyrics_path, tracks.lyrics_path), notes_path = COALESCE(excluded.notes_path, tracks.notes_path), chords_path = COALESCE(excluded.chords_path, tracks.chords_path);
INSERT INTO tracks (slug, lyrics_path, notes_path, chords_path) VALUES ('electric-lightening', NULL, NULL, NULL) ON CONFLICT(slug) DO UPDATE SET lyrics_path = COALESCE(excluded.lyrics_path, tracks.lyrics_path), notes_path = COALESCE(excluded.notes_path, tracks.notes_path), chords_path = COALESCE(excluded.chords_path, tracks.chords_path);
INSERT INTO tracks (slug, lyrics_path, notes_path, chords_path) VALUES ('empathy', NULL, NULL, NULL) ON CONFLICT(slug) DO UPDATE SET lyrics_path = COALESCE(excluded.lyrics_path, tracks.lyrics_path), notes_path = COALESCE(excluded.notes_path, tracks.notes_path), chords_path = COALESCE(excluded.chords_path, tracks.chords_path);
INSERT INTO tracks (slug, lyrics_path, notes_path, chords_path) VALUES ('empty-nesters', NULL, NULL, NULL) ON CONFLICT(slug) DO UPDATE SET lyrics_path = COALESCE(excluded.lyrics_path, tracks.lyrics_path), notes_path = COALESCE(excluded.notes_path, tracks.notes_path), chords_path = COALESCE(excluded.chords_path, tracks.chords_path);
INSERT INTO tracks (slug, lyrics_path, notes_path, chords_path) VALUES ('erasure', NULL, NULL, NULL) ON CONFLICT(slug) DO UPDATE SET lyrics_path = COALESCE(excluded.lyrics_path, tracks.lyrics_path), notes_path = COALESCE(excluded.notes_path, tracks.notes_path), chords_path = COALESCE(excluded.chords_path, tracks.chords_path);
INSERT INTO tracks (slug, lyrics_path, notes_path, chords_path) VALUES ('ever-so-delicate', NULL, NULL, NULL) ON CONFLICT(slug) DO UPDATE SET lyrics_path = COALESCE(excluded.lyrics_path, tracks.lyrics_path), notes_path = COALESCE(excluded.notes_path, tracks.notes_path), chords_path = COALESCE(excluded.chords_path, tracks.chords_path);
INSERT INTO tracks (slug, lyrics_path, notes_path, chords_path) VALUES ('everything-in-reverse', NULL, NULL, NULL) ON CONFLICT(slug) DO UPDATE SET lyrics_path = COALESCE(excluded.lyrics_path, tracks.lyrics_path), notes_path = COALESCE(excluded.notes_path, tracks.notes_path), chords_path = COALESCE(excluded.chords_path, tracks.chords_path);
INSERT INTO tracks (slug, lyrics_path, notes_path, chords_path) VALUES ('failure', NULL, NULL, NULL) ON CONFLICT(slug) DO UPDATE SET lyrics_path = COALESCE(excluded.lyrics_path, tracks.lyrics_path), notes_path = COALESCE(excluded.notes_path, tracks.notes_path), chords_path = COALESCE(excluded.chords_path, tracks.chords_path);
INSERT INTO tracks (slug, lyrics_path, notes_path, chords_path) VALUES ('finding-infinity', NULL, NULL, NULL) ON CONFLICT(slug) DO UPDATE SET lyrics_path = COALESCE(excluded.lyrics_path, tracks.lyrics_path), notes_path = COALESCE(excluded.notes_path, tracks.notes_path), chords_path = COALESCE(excluded.chords_path, tracks.chords_path);
INSERT INTO tracks (slug, lyrics_path, notes_path, chords_path) VALUES ('flutter', NULL, NULL, NULL) ON CONFLICT(slug) DO UPDATE SET lyrics_path = COALESCE(excluded.lyrics_path, tracks.lyrics_path), notes_path = COALESCE(excluded.notes_path, tracks.notes_path), chords_path = COALESCE(excluded.chords_path, tracks.chords_path);
INSERT INTO tracks (slug, lyrics_path, notes_path, chords_path) VALUES ('free', NULL, NULL, NULL) ON CONFLICT(slug) DO UPDATE SET lyrics_path = COALESCE(excluded.lyrics_path, tracks.lyrics_path), notes_path = COALESCE(excluded.notes_path, tracks.notes_path), chords_path = COALESCE(excluded.chords_path, tracks.chords_path);
INSERT INTO tracks (slug, lyrics_path, notes_path, chords_path) VALUES ('from-here-to-manhattan', NULL, NULL, NULL) ON CONFLICT(slug) DO UPDATE SET lyrics_path = COALESCE(excluded.lyrics_path, tracks.lyrics_path), notes_path = COALESCE(excluded.notes_path, tracks.notes_path), chords_path = COALESCE(excluded.chords_path, tracks.chords_path);
INSERT INTO tracks (slug, lyrics_path, notes_path, chords_path) VALUES ('fuck-yes', NULL, NULL, NULL) ON CONFLICT(slug) DO UPDATE SET lyrics_path = COALESCE(excluded.lyrics_path, tracks.lyrics_path), notes_path = COALESCE(excluded.notes_path, tracks.notes_path), chords_path = COALESCE(excluded.chords_path, tracks.chords_path);
INSERT INTO tracks (slug, lyrics_path, notes_path, chords_path) VALUES ('funky-fusion', NULL, NULL, NULL) ON CONFLICT(slug) DO UPDATE SET lyrics_path = COALESCE(excluded.lyrics_path, tracks.lyrics_path), notes_path = COALESCE(excluded.notes_path, tracks.notes_path), chords_path = COALESCE(excluded.chords_path, tracks.chords_path);
INSERT INTO tracks (slug, lyrics_path, notes_path, chords_path) VALUES ('fuse-burning', NULL, NULL, NULL) ON CONFLICT(slug) DO UPDATE SET lyrics_path = COALESCE(excluded.lyrics_path, tracks.lyrics_path), notes_path = COALESCE(excluded.notes_path, tracks.notes_path), chords_path = COALESCE(excluded.chords_path, tracks.chords_path);
INSERT INTO tracks (slug, lyrics_path, notes_path, chords_path) VALUES ('gold-melt', NULL, NULL, NULL) ON CONFLICT(slug) DO UPDATE SET lyrics_path = COALESCE(excluded.lyrics_path, tracks.lyrics_path), notes_path = COALESCE(excluded.notes_path, tracks.notes_path), chords_path = COALESCE(excluded.chords_path, tracks.chords_path);
INSERT INTO tracks (slug, lyrics_path, notes_path, chords_path) VALUES ('good-luck', NULL, NULL, NULL) ON CONFLICT(slug) DO UPDATE SET lyrics_path = COALESCE(excluded.lyrics_path, tracks.lyrics_path), notes_path = COALESCE(excluded.notes_path, tracks.notes_path), chords_path = COALESCE(excluded.chords_path, tracks.chords_path);
INSERT INTO tracks (slug, lyrics_path, notes_path, chords_path) VALUES ('good-times-rolling', NULL, NULL, NULL) ON CONFLICT(slug) DO UPDATE SET lyrics_path = COALESCE(excluded.lyrics_path, tracks.lyrics_path), notes_path = COALESCE(excluded.notes_path, tracks.notes_path), chords_path = COALESCE(excluded.chords_path, tracks.chords_path);
INSERT INTO tracks (slug, lyrics_path, notes_path, chords_path) VALUES ('gravity', NULL, NULL, NULL) ON CONFLICT(slug) DO UPDATE SET lyrics_path = COALESCE(excluded.lyrics_path, tracks.lyrics_path), notes_path = COALESCE(excluded.notes_path, tracks.notes_path), chords_path = COALESCE(excluded.chords_path, tracks.chords_path);
INSERT INTO tracks (slug, lyrics_path, notes_path, chords_path) VALUES ('handcuffs', NULL, NULL, NULL) ON CONFLICT(slug) DO UPDATE SET lyrics_path = COALESCE(excluded.lyrics_path, tracks.lyrics_path), notes_path = COALESCE(excluded.notes_path, tracks.notes_path), chords_path = COALESCE(excluded.chords_path, tracks.chords_path);
INSERT INTO tracks (slug, lyrics_path, notes_path, chords_path) VALUES ('haunted-riff', NULL, NULL, NULL) ON CONFLICT(slug) DO UPDATE SET lyrics_path = COALESCE(excluded.lyrics_path, tracks.lyrics_path), notes_path = COALESCE(excluded.notes_path, tracks.notes_path), chords_path = COALESCE(excluded.chords_path, tracks.chords_path);
INSERT INTO tracks (slug, lyrics_path, notes_path, chords_path) VALUES ('heartbreaking', NULL, NULL, NULL) ON CONFLICT(slug) DO UPDATE SET lyrics_path = COALESCE(excluded.lyrics_path, tracks.lyrics_path), notes_path = COALESCE(excluded.notes_path, tracks.notes_path), chords_path = COALESCE(excluded.chords_path, tracks.chords_path);
INSERT INTO tracks (slug, lyrics_path, notes_path, chords_path) VALUES ('helicopters', NULL, NULL, NULL) ON CONFLICT(slug) DO UPDATE SET lyrics_path = COALESCE(excluded.lyrics_path, tracks.lyrics_path), notes_path = COALESCE(excluded.notes_path, tracks.notes_path), chords_path = COALESCE(excluded.chords_path, tracks.chords_path);
INSERT INTO tracks (slug, lyrics_path, notes_path, chords_path) VALUES ('heres-hoping', NULL, NULL, NULL) ON CONFLICT(slug) DO UPDATE SET lyrics_path = COALESCE(excluded.lyrics_path, tracks.lyrics_path), notes_path = COALESCE(excluded.notes_path, tracks.notes_path), chords_path = COALESCE(excluded.chords_path, tracks.chords_path);
INSERT INTO tracks (slug, lyrics_path, notes_path, chords_path) VALUES ('home', NULL, NULL, NULL) ON CONFLICT(slug) DO UPDATE SET lyrics_path = COALESCE(excluded.lyrics_path, tracks.lyrics_path), notes_path = COALESCE(excluded.notes_path, tracks.notes_path), chords_path = COALESCE(excluded.chords_path, tracks.chords_path);
INSERT INTO tracks (slug, lyrics_path, notes_path, chords_path) VALUES ('honey', NULL, NULL, NULL) ON CONFLICT(slug) DO UPDATE SET lyrics_path = COALESCE(excluded.lyrics_path, tracks.lyrics_path), notes_path = COALESCE(excluded.notes_path, tracks.notes_path), chords_path = COALESCE(excluded.chords_path, tracks.chords_path);
INSERT INTO tracks (slug, lyrics_path, notes_path, chords_path) VALUES ('in-the-darkness', NULL, NULL, NULL) ON CONFLICT(slug) DO UPDATE SET lyrics_path = COALESCE(excluded.lyrics_path, tracks.lyrics_path), notes_path = COALESCE(excluded.notes_path, tracks.notes_path), chords_path = COALESCE(excluded.chords_path, tracks.chords_path);
INSERT INTO tracks (slug, lyrics_path, notes_path, chords_path) VALUES ('inbred-colors', NULL, NULL, NULL) ON CONFLICT(slug) DO UPDATE SET lyrics_path = COALESCE(excluded.lyrics_path, tracks.lyrics_path), notes_path = COALESCE(excluded.notes_path, tracks.notes_path), chords_path = COALESCE(excluded.chords_path, tracks.chords_path);
INSERT INTO tracks (slug, lyrics_path, notes_path, chords_path) VALUES ('keys-to-the-kingdom-of-keys', NULL, NULL, NULL) ON CONFLICT(slug) DO UPDATE SET lyrics_path = COALESCE(excluded.lyrics_path, tracks.lyrics_path), notes_path = COALESCE(excluded.notes_path, tracks.notes_path), chords_path = COALESCE(excluded.chords_path, tracks.chords_path);
INSERT INTO tracks (slug, lyrics_path, notes_path, chords_path) VALUES ('knot-of-fears', NULL, NULL, NULL) ON CONFLICT(slug) DO UPDATE SET lyrics_path = COALESCE(excluded.lyrics_path, tracks.lyrics_path), notes_path = COALESCE(excluded.notes_path, tracks.notes_path), chords_path = COALESCE(excluded.chords_path, tracks.chords_path);
INSERT INTO tracks (slug, lyrics_path, notes_path, chords_path) VALUES ('krystals', NULL, NULL, NULL) ON CONFLICT(slug) DO UPDATE SET lyrics_path = COALESCE(excluded.lyrics_path, tracks.lyrics_path), notes_path = COALESCE(excluded.notes_path, tracks.notes_path), chords_path = COALESCE(excluded.chords_path, tracks.chords_path);
INSERT INTO tracks (slug, lyrics_path, notes_path, chords_path) VALUES ('latin-spice', NULL, NULL, NULL) ON CONFLICT(slug) DO UPDATE SET lyrics_path = COALESCE(excluded.lyrics_path, tracks.lyrics_path), notes_path = COALESCE(excluded.notes_path, tracks.notes_path), chords_path = COALESCE(excluded.chords_path, tracks.chords_path);
INSERT INTO tracks (slug, lyrics_path, notes_path, chords_path) VALUES ('lemonade', NULL, NULL, NULL) ON CONFLICT(slug) DO UPDATE SET lyrics_path = COALESCE(excluded.lyrics_path, tracks.lyrics_path), notes_path = COALESCE(excluded.notes_path, tracks.notes_path), chords_path = COALESCE(excluded.chords_path, tracks.chords_path);
INSERT INTO tracks (slug, lyrics_path, notes_path, chords_path) VALUES ('life-is-good', NULL, NULL, NULL) ON CONFLICT(slug) DO UPDATE SET lyrics_path = COALESCE(excluded.lyrics_path, tracks.lyrics_path), notes_path = COALESCE(excluded.notes_path, tracks.notes_path), chords_path = COALESCE(excluded.chords_path, tracks.chords_path);
INSERT INTO tracks (slug, lyrics_path, notes_path, chords_path) VALUES ('lifespan', NULL, NULL, NULL) ON CONFLICT(slug) DO UPDATE SET lyrics_path = COALESCE(excluded.lyrics_path, tracks.lyrics_path), notes_path = COALESCE(excluded.notes_path, tracks.notes_path), chords_path = COALESCE(excluded.chords_path, tracks.chords_path);
INSERT INTO tracks (slug, lyrics_path, notes_path, chords_path) VALUES ('lost-my-head', NULL, NULL, NULL) ON CONFLICT(slug) DO UPDATE SET lyrics_path = COALESCE(excluded.lyrics_path, tracks.lyrics_path), notes_path = COALESCE(excluded.notes_path, tracks.notes_path), chords_path = COALESCE(excluded.chords_path, tracks.chords_path);
INSERT INTO tracks (slug, lyrics_path, notes_path, chords_path) VALUES ('love-bites', NULL, NULL, NULL) ON CONFLICT(slug) DO UPDATE SET lyrics_path = COALESCE(excluded.lyrics_path, tracks.lyrics_path), notes_path = COALESCE(excluded.notes_path, tracks.notes_path), chords_path = COALESCE(excluded.chords_path, tracks.chords_path);
INSERT INTO tracks (slug, lyrics_path, notes_path, chords_path) VALUES ('love-money-cant-buy', NULL, NULL, NULL) ON CONFLICT(slug) DO UPDATE SET lyrics_path = COALESCE(excluded.lyrics_path, tracks.lyrics_path), notes_path = COALESCE(excluded.notes_path, tracks.notes_path), chords_path = COALESCE(excluded.chords_path, tracks.chords_path);
INSERT INTO tracks (slug, lyrics_path, notes_path, chords_path) VALUES ('lullaby', NULL, NULL, NULL) ON CONFLICT(slug) DO UPDATE SET lyrics_path = COALESCE(excluded.lyrics_path, tracks.lyrics_path), notes_path = COALESCE(excluded.notes_path, tracks.notes_path), chords_path = COALESCE(excluded.chords_path, tracks.chords_path);
INSERT INTO tracks (slug, lyrics_path, notes_path, chords_path) VALUES ('maniacal', NULL, NULL, NULL) ON CONFLICT(slug) DO UPDATE SET lyrics_path = COALESCE(excluded.lyrics_path, tracks.lyrics_path), notes_path = COALESCE(excluded.notes_path, tracks.notes_path), chords_path = COALESCE(excluded.chords_path, tracks.chords_path);
INSERT INTO tracks (slug, lyrics_path, notes_path, chords_path) VALUES ('manic-garden', NULL, NULL, NULL) ON CONFLICT(slug) DO UPDATE SET lyrics_path = COALESCE(excluded.lyrics_path, tracks.lyrics_path), notes_path = COALESCE(excluded.notes_path, tracks.notes_path), chords_path = COALESCE(excluded.chords_path, tracks.chords_path);
INSERT INTO tracks (slug, lyrics_path, notes_path, chords_path) VALUES ('math-rock', NULL, NULL, NULL) ON CONFLICT(slug) DO UPDATE SET lyrics_path = COALESCE(excluded.lyrics_path, tracks.lyrics_path), notes_path = COALESCE(excluded.notes_path, tracks.notes_path), chords_path = COALESCE(excluded.chords_path, tracks.chords_path);
INSERT INTO tracks (slug, lyrics_path, notes_path, chords_path) VALUES ('memento-mori', NULL, NULL, NULL) ON CONFLICT(slug) DO UPDATE SET lyrics_path = COALESCE(excluded.lyrics_path, tracks.lyrics_path), notes_path = COALESCE(excluded.notes_path, tracks.notes_path), chords_path = COALESCE(excluded.chords_path, tracks.chords_path);
INSERT INTO tracks (slug, lyrics_path, notes_path, chords_path) VALUES ('menace', NULL, NULL, NULL) ON CONFLICT(slug) DO UPDATE SET lyrics_path = COALESCE(excluded.lyrics_path, tracks.lyrics_path), notes_path = COALESCE(excluded.notes_path, tracks.notes_path), chords_path = COALESCE(excluded.chords_path, tracks.chords_path);
INSERT INTO tracks (slug, lyrics_path, notes_path, chords_path) VALUES ('midnight', NULL, NULL, NULL) ON CONFLICT(slug) DO UPDATE SET lyrics_path = COALESCE(excluded.lyrics_path, tracks.lyrics_path), notes_path = COALESCE(excluded.notes_path, tracks.notes_path), chords_path = COALESCE(excluded.chords_path, tracks.chords_path);
INSERT INTO tracks (slug, lyrics_path, notes_path, chords_path) VALUES ('milk-your-mind', NULL, NULL, NULL) ON CONFLICT(slug) DO UPDATE SET lyrics_path = COALESCE(excluded.lyrics_path, tracks.lyrics_path), notes_path = COALESCE(excluded.notes_path, tracks.notes_path), chords_path = COALESCE(excluded.chords_path, tracks.chords_path);
INSERT INTO tracks (slug, lyrics_path, notes_path, chords_path) VALUES ('millennium-undone', NULL, NULL, NULL) ON CONFLICT(slug) DO UPDATE SET lyrics_path = COALESCE(excluded.lyrics_path, tracks.lyrics_path), notes_path = COALESCE(excluded.notes_path, tracks.notes_path), chords_path = COALESCE(excluded.chords_path, tracks.chords_path);
INSERT INTO tracks (slug, lyrics_path, notes_path, chords_path) VALUES ('morgan', NULL, NULL, NULL) ON CONFLICT(slug) DO UPDATE SET lyrics_path = COALESCE(excluded.lyrics_path, tracks.lyrics_path), notes_path = COALESCE(excluded.notes_path, tracks.notes_path), chords_path = COALESCE(excluded.chords_path, tracks.chords_path);
INSERT INTO tracks (slug, lyrics_path, notes_path, chords_path) VALUES ('mothership', NULL, NULL, NULL) ON CONFLICT(slug) DO UPDATE SET lyrics_path = COALESCE(excluded.lyrics_path, tracks.lyrics_path), notes_path = COALESCE(excluded.notes_path, tracks.notes_path), chords_path = COALESCE(excluded.chords_path, tracks.chords_path);
INSERT INTO tracks (slug, lyrics_path, notes_path, chords_path) VALUES ('never-coming-home', NULL, NULL, NULL) ON CONFLICT(slug) DO UPDATE SET lyrics_path = COALESCE(excluded.lyrics_path, tracks.lyrics_path), notes_path = COALESCE(excluded.notes_path, tracks.notes_path), chords_path = COALESCE(excluded.chords_path, tracks.chords_path);
INSERT INTO tracks (slug, lyrics_path, notes_path, chords_path) VALUES ('no-mistake', NULL, NULL, NULL) ON CONFLICT(slug) DO UPDATE SET lyrics_path = COALESCE(excluded.lyrics_path, tracks.lyrics_path), notes_path = COALESCE(excluded.notes_path, tracks.notes_path), chords_path = COALESCE(excluded.chords_path, tracks.chords_path);
INSERT INTO tracks (slug, lyrics_path, notes_path, chords_path) VALUES ('no-more-kids', NULL, NULL, NULL) ON CONFLICT(slug) DO UPDATE SET lyrics_path = COALESCE(excluded.lyrics_path, tracks.lyrics_path), notes_path = COALESCE(excluded.notes_path, tracks.notes_path), chords_path = COALESCE(excluded.chords_path, tracks.chords_path);
INSERT INTO tracks (slug, lyrics_path, notes_path, chords_path) VALUES ('not-much', NULL, NULL, NULL) ON CONFLICT(slug) DO UPDATE SET lyrics_path = COALESCE(excluded.lyrics_path, tracks.lyrics_path), notes_path = COALESCE(excluded.notes_path, tracks.notes_path), chords_path = COALESCE(excluded.chords_path, tracks.chords_path);
INSERT INTO tracks (slug, lyrics_path, notes_path, chords_path) VALUES ('not-the-same', NULL, NULL, NULL) ON CONFLICT(slug) DO UPDATE SET lyrics_path = COALESCE(excluded.lyrics_path, tracks.lyrics_path), notes_path = COALESCE(excluded.notes_path, tracks.notes_path), chords_path = COALESCE(excluded.chords_path, tracks.chords_path);
INSERT INTO tracks (slug, lyrics_path, notes_path, chords_path) VALUES ('nowhere-to-be', NULL, NULL, NULL) ON CONFLICT(slug) DO UPDATE SET lyrics_path = COALESCE(excluded.lyrics_path, tracks.lyrics_path), notes_path = COALESCE(excluded.notes_path, tracks.notes_path), chords_path = COALESCE(excluded.chords_path, tracks.chords_path);
INSERT INTO tracks (slug, lyrics_path, notes_path, chords_path) VALUES ('onward', NULL, NULL, NULL) ON CONFLICT(slug) DO UPDATE SET lyrics_path = COALESCE(excluded.lyrics_path, tracks.lyrics_path), notes_path = COALESCE(excluded.notes_path, tracks.notes_path), chords_path = COALESCE(excluded.chords_path, tracks.chords_path);
INSERT INTO tracks (slug, lyrics_path, notes_path, chords_path) VALUES ('open-d-ballad', NULL, NULL, NULL) ON CONFLICT(slug) DO UPDATE SET lyrics_path = COALESCE(excluded.lyrics_path, tracks.lyrics_path), notes_path = COALESCE(excluded.notes_path, tracks.notes_path), chords_path = COALESCE(excluded.chords_path, tracks.chords_path);
INSERT INTO tracks (slug, lyrics_path, notes_path, chords_path) VALUES ('patience', NULL, NULL, NULL) ON CONFLICT(slug) DO UPDATE SET lyrics_path = COALESCE(excluded.lyrics_path, tracks.lyrics_path), notes_path = COALESCE(excluded.notes_path, tracks.notes_path), chords_path = COALESCE(excluded.chords_path, tracks.chords_path);
INSERT INTO tracks (slug, lyrics_path, notes_path, chords_path) VALUES ('pretty-arps', NULL, NULL, NULL) ON CONFLICT(slug) DO UPDATE SET lyrics_path = COALESCE(excluded.lyrics_path, tracks.lyrics_path), notes_path = COALESCE(excluded.notes_path, tracks.notes_path), chords_path = COALESCE(excluded.chords_path, tracks.chords_path);
INSERT INTO tracks (slug, lyrics_path, notes_path, chords_path) VALUES ('rafting', NULL, NULL, NULL) ON CONFLICT(slug) DO UPDATE SET lyrics_path = COALESCE(excluded.lyrics_path, tracks.lyrics_path), notes_path = COALESCE(excluded.notes_path, tracks.notes_path), chords_path = COALESCE(excluded.chords_path, tracks.chords_path);
INSERT INTO tracks (slug, lyrics_path, notes_path, chords_path) VALUES ('river-road', NULL, NULL, NULL) ON CONFLICT(slug) DO UPDATE SET lyrics_path = COALESCE(excluded.lyrics_path, tracks.lyrics_path), notes_path = COALESCE(excluded.notes_path, tracks.notes_path), chords_path = COALESCE(excluded.chords_path, tracks.chords_path);
INSERT INTO tracks (slug, lyrics_path, notes_path, chords_path) VALUES ('rust', NULL, NULL, NULL) ON CONFLICT(slug) DO UPDATE SET lyrics_path = COALESCE(excluded.lyrics_path, tracks.lyrics_path), notes_path = COALESCE(excluded.notes_path, tracks.notes_path), chords_path = COALESCE(excluded.chords_path, tracks.chords_path);
INSERT INTO tracks (slug, lyrics_path, notes_path, chords_path) VALUES ('sands-of-time', NULL, NULL, NULL) ON CONFLICT(slug) DO UPDATE SET lyrics_path = COALESCE(excluded.lyrics_path, tracks.lyrics_path), notes_path = COALESCE(excluded.notes_path, tracks.notes_path), chords_path = COALESCE(excluded.chords_path, tracks.chords_path);
INSERT INTO tracks (slug, lyrics_path, notes_path, chords_path) VALUES ('shame', NULL, NULL, NULL) ON CONFLICT(slug) DO UPDATE SET lyrics_path = COALESCE(excluded.lyrics_path, tracks.lyrics_path), notes_path = COALESCE(excluded.notes_path, tracks.notes_path), chords_path = COALESCE(excluded.chords_path, tracks.chords_path);
INSERT INTO tracks (slug, lyrics_path, notes_path, chords_path) VALUES ('silver', NULL, NULL, NULL) ON CONFLICT(slug) DO UPDATE SET lyrics_path = COALESCE(excluded.lyrics_path, tracks.lyrics_path), notes_path = COALESCE(excluded.notes_path, tracks.notes_path), chords_path = COALESCE(excluded.chords_path, tracks.chords_path);
INSERT INTO tracks (slug, lyrics_path, notes_path, chords_path) VALUES ('sinking', NULL, NULL, NULL) ON CONFLICT(slug) DO UPDATE SET lyrics_path = COALESCE(excluded.lyrics_path, tracks.lyrics_path), notes_path = COALESCE(excluded.notes_path, tracks.notes_path), chords_path = COALESCE(excluded.chords_path, tracks.chords_path);
INSERT INTO tracks (slug, lyrics_path, notes_path, chords_path) VALUES ('smashing-atoms', NULL, NULL, NULL) ON CONFLICT(slug) DO UPDATE SET lyrics_path = COALESCE(excluded.lyrics_path, tracks.lyrics_path), notes_path = COALESCE(excluded.notes_path, tracks.notes_path), chords_path = COALESCE(excluded.chords_path, tracks.chords_path);
INSERT INTO tracks (slug, lyrics_path, notes_path, chords_path) VALUES ('smoky-mountains', NULL, NULL, NULL) ON CONFLICT(slug) DO UPDATE SET lyrics_path = COALESCE(excluded.lyrics_path, tracks.lyrics_path), notes_path = COALESCE(excluded.notes_path, tracks.notes_path), chords_path = COALESCE(excluded.chords_path, tracks.chords_path);
INSERT INTO tracks (slug, lyrics_path, notes_path, chords_path) VALUES ('soapy-cat', NULL, NULL, NULL) ON CONFLICT(slug) DO UPDATE SET lyrics_path = COALESCE(excluded.lyrics_path, tracks.lyrics_path), notes_path = COALESCE(excluded.notes_path, tracks.notes_path), chords_path = COALESCE(excluded.chords_path, tracks.chords_path);
INSERT INTO tracks (slug, lyrics_path, notes_path, chords_path) VALUES ('somebody-do-something', NULL, NULL, NULL) ON CONFLICT(slug) DO UPDATE SET lyrics_path = COALESCE(excluded.lyrics_path, tracks.lyrics_path), notes_path = COALESCE(excluded.notes_path, tracks.notes_path), chords_path = COALESCE(excluded.chords_path, tracks.chords_path);
INSERT INTO tracks (slug, lyrics_path, notes_path, chords_path) VALUES ('sorry-the-sky-is-falling', NULL, NULL, NULL) ON CONFLICT(slug) DO UPDATE SET lyrics_path = COALESCE(excluded.lyrics_path, tracks.lyrics_path), notes_path = COALESCE(excluded.notes_path, tracks.notes_path), chords_path = COALESCE(excluded.chords_path, tracks.chords_path);
INSERT INTO tracks (slug, lyrics_path, notes_path, chords_path) VALUES ('stone-weavers', NULL, NULL, NULL) ON CONFLICT(slug) DO UPDATE SET lyrics_path = COALESCE(excluded.lyrics_path, tracks.lyrics_path), notes_path = COALESCE(excluded.notes_path, tracks.notes_path), chords_path = COALESCE(excluded.chords_path, tracks.chords_path);
INSERT INTO tracks (slug, lyrics_path, notes_path, chords_path) VALUES ('strange', NULL, NULL, NULL) ON CONFLICT(slug) DO UPDATE SET lyrics_path = COALESCE(excluded.lyrics_path, tracks.lyrics_path), notes_path = COALESCE(excluded.notes_path, tracks.notes_path), chords_path = COALESCE(excluded.chords_path, tracks.chords_path);
INSERT INTO tracks (slug, lyrics_path, notes_path, chords_path) VALUES ('suffocate', NULL, NULL, NULL) ON CONFLICT(slug) DO UPDATE SET lyrics_path = COALESCE(excluded.lyrics_path, tracks.lyrics_path), notes_path = COALESCE(excluded.notes_path, tracks.notes_path), chords_path = COALESCE(excluded.chords_path, tracks.chords_path);
INSERT INTO tracks (slug, lyrics_path, notes_path, chords_path) VALUES ('summer-sunset', NULL, NULL, NULL) ON CONFLICT(slug) DO UPDATE SET lyrics_path = COALESCE(excluded.lyrics_path, tracks.lyrics_path), notes_path = COALESCE(excluded.notes_path, tracks.notes_path), chords_path = COALESCE(excluded.chords_path, tracks.chords_path);
INSERT INTO tracks (slug, lyrics_path, notes_path, chords_path) VALUES ('sweet-isolation', NULL, NULL, NULL) ON CONFLICT(slug) DO UPDATE SET lyrics_path = COALESCE(excluded.lyrics_path, tracks.lyrics_path), notes_path = COALESCE(excluded.notes_path, tracks.notes_path), chords_path = COALESCE(excluded.chords_path, tracks.chords_path);
INSERT INTO tracks (slug, lyrics_path, notes_path, chords_path) VALUES ('synthetic-love', NULL, NULL, NULL) ON CONFLICT(slug) DO UPDATE SET lyrics_path = COALESCE(excluded.lyrics_path, tracks.lyrics_path), notes_path = COALESCE(excluded.notes_path, tracks.notes_path), chords_path = COALESCE(excluded.chords_path, tracks.chords_path);
INSERT INTO tracks (slug, lyrics_path, notes_path, chords_path) VALUES ('taketime', NULL, NULL, NULL) ON CONFLICT(slug) DO UPDATE SET lyrics_path = COALESCE(excluded.lyrics_path, tracks.lyrics_path), notes_path = COALESCE(excluded.notes_path, tracks.notes_path), chords_path = COALESCE(excluded.chords_path, tracks.chords_path);
INSERT INTO tracks (slug, lyrics_path, notes_path, chords_path) VALUES ('teeth', NULL, NULL, NULL) ON CONFLICT(slug) DO UPDATE SET lyrics_path = COALESCE(excluded.lyrics_path, tracks.lyrics_path), notes_path = COALESCE(excluded.notes_path, tracks.notes_path), chords_path = COALESCE(excluded.chords_path, tracks.chords_path);
INSERT INTO tracks (slug, lyrics_path, notes_path, chords_path) VALUES ('tempest', NULL, NULL, NULL) ON CONFLICT(slug) DO UPDATE SET lyrics_path = COALESCE(excluded.lyrics_path, tracks.lyrics_path), notes_path = COALESCE(excluded.notes_path, tracks.notes_path), chords_path = COALESCE(excluded.chords_path, tracks.chords_path);
INSERT INTO tracks (slug, lyrics_path, notes_path, chords_path) VALUES ('the-rainy-season', NULL, NULL, NULL) ON CONFLICT(slug) DO UPDATE SET lyrics_path = COALESCE(excluded.lyrics_path, tracks.lyrics_path), notes_path = COALESCE(excluded.notes_path, tracks.notes_path), chords_path = COALESCE(excluded.chords_path, tracks.chords_path);
INSERT INTO tracks (slug, lyrics_path, notes_path, chords_path) VALUES ('thrash-metal', NULL, NULL, NULL) ON CONFLICT(slug) DO UPDATE SET lyrics_path = COALESCE(excluded.lyrics_path, tracks.lyrics_path), notes_path = COALESCE(excluded.notes_path, tracks.notes_path), chords_path = COALESCE(excluded.chords_path, tracks.chords_path);
INSERT INTO tracks (slug, lyrics_path, notes_path, chords_path) VALUES ('tomorrow-my-contentions', NULL, NULL, NULL) ON CONFLICT(slug) DO UPDATE SET lyrics_path = COALESCE(excluded.lyrics_path, tracks.lyrics_path), notes_path = COALESCE(excluded.notes_path, tracks.notes_path), chords_path = COALESCE(excluded.chords_path, tracks.chords_path);
INSERT INTO tracks (slug, lyrics_path, notes_path, chords_path) VALUES ('toys-in-the-attic', NULL, NULL, NULL) ON CONFLICT(slug) DO UPDATE SET lyrics_path = COALESCE(excluded.lyrics_path, tracks.lyrics_path), notes_path = COALESCE(excluded.notes_path, tracks.notes_path), chords_path = COALESCE(excluded.chords_path, tracks.chords_path);
INSERT INTO tracks (slug, lyrics_path, notes_path, chords_path) VALUES ('twisted-world', NULL, NULL, NULL) ON CONFLICT(slug) DO UPDATE SET lyrics_path = COALESCE(excluded.lyrics_path, tracks.lyrics_path), notes_path = COALESCE(excluded.notes_path, tracks.notes_path), chords_path = COALESCE(excluded.chords_path, tracks.chords_path);
INSERT INTO tracks (slug, lyrics_path, notes_path, chords_path) VALUES ('underground', NULL, NULL, NULL) ON CONFLICT(slug) DO UPDATE SET lyrics_path = COALESCE(excluded.lyrics_path, tracks.lyrics_path), notes_path = COALESCE(excluded.notes_path, tracks.notes_path), chords_path = COALESCE(excluded.chords_path, tracks.chords_path);
INSERT INTO tracks (slug, lyrics_path, notes_path, chords_path) VALUES ('unprepared', NULL, NULL, NULL) ON CONFLICT(slug) DO UPDATE SET lyrics_path = COALESCE(excluded.lyrics_path, tracks.lyrics_path), notes_path = COALESCE(excluded.notes_path, tracks.notes_path), chords_path = COALESCE(excluded.chords_path, tracks.chords_path);
INSERT INTO tracks (slug, lyrics_path, notes_path, chords_path) VALUES ('upbeat-dissonant', NULL, NULL, NULL) ON CONFLICT(slug) DO UPDATE SET lyrics_path = COALESCE(excluded.lyrics_path, tracks.lyrics_path), notes_path = COALESCE(excluded.notes_path, tracks.notes_path), chords_path = COALESCE(excluded.chords_path, tracks.chords_path);
INSERT INTO tracks (slug, lyrics_path, notes_path, chords_path) VALUES ('vacation-in-hell', NULL, NULL, NULL) ON CONFLICT(slug) DO UPDATE SET lyrics_path = COALESCE(excluded.lyrics_path, tracks.lyrics_path), notes_path = COALESCE(excluded.notes_path, tracks.notes_path), chords_path = COALESCE(excluded.chords_path, tracks.chords_path);
INSERT INTO tracks (slug, lyrics_path, notes_path, chords_path) VALUES ('wild-crazy', NULL, NULL, NULL) ON CONFLICT(slug) DO UPDATE SET lyrics_path = COALESCE(excluded.lyrics_path, tracks.lyrics_path), notes_path = COALESCE(excluded.notes_path, tracks.notes_path), chords_path = COALESCE(excluded.chords_path, tracks.chords_path);
INSERT INTO tracks (slug, lyrics_path, notes_path, chords_path) VALUES ('wilderness', NULL, NULL, NULL) ON CONFLICT(slug) DO UPDATE SET lyrics_path = COALESCE(excluded.lyrics_path, tracks.lyrics_path), notes_path = COALESCE(excluded.notes_path, tracks.notes_path), chords_path = COALESCE(excluded.chords_path, tracks.chords_path);
INSERT INTO tracks (slug, lyrics_path, notes_path, chords_path) VALUES ('wings', NULL, NULL, NULL) ON CONFLICT(slug) DO UPDATE SET lyrics_path = COALESCE(excluded.lyrics_path, tracks.lyrics_path), notes_path = COALESCE(excluded.notes_path, tracks.notes_path), chords_path = COALESCE(excluded.chords_path, tracks.chords_path);
INSERT INTO tracks (slug, lyrics_path, notes_path, chords_path) VALUES ('woodsy', NULL, NULL, NULL) ON CONFLICT(slug) DO UPDATE SET lyrics_path = COALESCE(excluded.lyrics_path, tracks.lyrics_path), notes_path = COALESCE(excluded.notes_path, tracks.notes_path), chords_path = COALESCE(excluded.chords_path, tracks.chords_path);
INSERT INTO tracks (slug, lyrics_path, notes_path, chords_path) VALUES ('worth', NULL, NULL, NULL) ON CONFLICT(slug) DO UPDATE SET lyrics_path = COALESCE(excluded.lyrics_path, tracks.lyrics_path), notes_path = COALESCE(excluded.notes_path, tracks.notes_path), chords_path = COALESCE(excluded.chords_path, tracks.chords_path);
INSERT INTO tracks (slug, lyrics_path, notes_path, chords_path) VALUES ('wrath-of-the-grapes', NULL, NULL, NULL) ON CONFLICT(slug) DO UPDATE SET lyrics_path = COALESCE(excluded.lyrics_path, tracks.lyrics_path), notes_path = COALESCE(excluded.notes_path, tracks.notes_path), chords_path = COALESCE(excluded.chords_path, tracks.chords_path);

DELETE FROM track_artists WHERE artist_slug = 'dan-bednarczyk';
INSERT INTO track_artists (track_slug, artist_slug) VALUES ('accolade', 'dan-bednarczyk') ON CONFLICT(track_slug, artist_slug) DO NOTHING;
INSERT INTO track_artists (track_slug, artist_slug) VALUES ('alaska', 'dan-bednarczyk') ON CONFLICT(track_slug, artist_slug) DO NOTHING;
INSERT INTO track_artists (track_slug, artist_slug) VALUES ('all-alone', 'dan-bednarczyk') ON CONFLICT(track_slug, artist_slug) DO NOTHING;
INSERT INTO track_artists (track_slug, artist_slug) VALUES ('alright', 'dan-bednarczyk') ON CONFLICT(track_slug, artist_slug) DO NOTHING;
INSERT INTO track_artists (track_slug, artist_slug) VALUES ('anachronism', 'dan-bednarczyk') ON CONFLICT(track_slug, artist_slug) DO NOTHING;
INSERT INTO track_artists (track_slug, artist_slug) VALUES ('angel-in-distress', 'dan-bednarczyk') ON CONFLICT(track_slug, artist_slug) DO NOTHING;
INSERT INTO track_artists (track_slug, artist_slug) VALUES ('bill-murrays-boat', 'dan-bednarczyk') ON CONFLICT(track_slug, artist_slug) DO NOTHING;
INSERT INTO track_artists (track_slug, artist_slug) VALUES ('bouncy-vampire', 'dan-bednarczyk') ON CONFLICT(track_slug, artist_slug) DO NOTHING;
INSERT INTO track_artists (track_slug, artist_slug) VALUES ('brooding-finale', 'dan-bednarczyk') ON CONFLICT(track_slug, artist_slug) DO NOTHING;
INSERT INTO track_artists (track_slug, artist_slug) VALUES ('but-a-fable', 'dan-bednarczyk') ON CONFLICT(track_slug, artist_slug) DO NOTHING;
INSERT INTO track_artists (track_slug, artist_slug) VALUES ('cant-make-everybody-happy', 'dan-bednarczyk') ON CONFLICT(track_slug, artist_slug) DO NOTHING;
INSERT INTO track_artists (track_slug, artist_slug) VALUES ('canyon-cove', 'dan-bednarczyk') ON CONFLICT(track_slug, artist_slug) DO NOTHING;
INSERT INTO track_artists (track_slug, artist_slug) VALUES ('coming-to-get-me', 'dan-bednarczyk') ON CONFLICT(track_slug, artist_slug) DO NOTHING;
INSERT INTO track_artists (track_slug, artist_slug) VALUES ('company', 'dan-bednarczyk') ON CONFLICT(track_slug, artist_slug) DO NOTHING;
INSERT INTO track_artists (track_slug, artist_slug) VALUES ('compass', 'dan-bednarczyk') ON CONFLICT(track_slug, artist_slug) DO NOTHING;

INSERT INTO project_tracks (project_slug, track_slug, position) VALUES ('test-album', 'accolade', 1) ON CONFLICT(project_slug, track_slug) DO UPDATE SET position = excluded.position;
INSERT INTO project_tracks (project_slug, track_slug, position) VALUES ('test-album', 'alaska', 2) ON CONFLICT(project_slug, track_slug) DO UPDATE SET position = excluded.position;
INSERT INTO project_tracks (project_slug, track_slug, position) VALUES ('test-album', 'all-alone', 3) ON CONFLICT(project_slug, track_slug) DO UPDATE SET position = excluded.position;
INSERT INTO project_tracks (project_slug, track_slug, position) VALUES ('test-album', 'alright', 4) ON CONFLICT(project_slug, track_slug) DO UPDATE SET position = excluded.position;
INSERT INTO project_tracks (project_slug, track_slug, position) VALUES ('test-album', 'anachronism', 5) ON CONFLICT(project_slug, track_slug) DO UPDATE SET position = excluded.position;
INSERT INTO project_tracks (project_slug, track_slug, position) VALUES ('test-album', 'angel-in-distress', 6) ON CONFLICT(project_slug, track_slug) DO UPDATE SET position = excluded.position;
INSERT INTO project_tracks (project_slug, track_slug, position) VALUES ('test-album', 'bill-murrays-boat', 7) ON CONFLICT(project_slug, track_slug) DO UPDATE SET position = excluded.position;
INSERT INTO project_tracks (project_slug, track_slug, position) VALUES ('test-album', 'bouncy-vampire', 8) ON CONFLICT(project_slug, track_slug) DO UPDATE SET position = excluded.position;
INSERT INTO project_tracks (project_slug, track_slug, position) VALUES ('test-album', 'brooding-finale', 9) ON CONFLICT(project_slug, track_slug) DO UPDATE SET position = excluded.position;
INSERT INTO project_tracks (project_slug, track_slug, position) VALUES ('test-album', 'but-a-fable', 10) ON CONFLICT(project_slug, track_slug) DO UPDATE SET position = excluded.position;
INSERT INTO project_tracks (project_slug, track_slug, position) VALUES ('test-ep', 'cant-make-everybody-happy', 1) ON CONFLICT(project_slug, track_slug) DO UPDATE SET position = excluded.position;
INSERT INTO project_tracks (project_slug, track_slug, position) VALUES ('test-ep', 'canyon-cove', 2) ON CONFLICT(project_slug, track_slug) DO UPDATE SET position = excluded.position;
INSERT INTO project_tracks (project_slug, track_slug, position) VALUES ('test-ep', 'coming-to-get-me', 3) ON CONFLICT(project_slug, track_slug) DO UPDATE SET position = excluded.position;
INSERT INTO project_tracks (project_slug, track_slug, position) VALUES ('test-ep', 'company', 4) ON CONFLICT(project_slug, track_slug) DO UPDATE SET position = excluded.position;
INSERT INTO project_tracks (project_slug, track_slug, position) VALUES ('test-ep', 'compass', 5) ON CONFLICT(project_slug, track_slug) DO UPDATE SET position = excluded.position;
INSERT INTO project_tracks (project_slug, track_slug, position) VALUES ('test-setlist', 'accolade', 1) ON CONFLICT(project_slug, track_slug) DO UPDATE SET position = excluded.position;
INSERT INTO project_tracks (project_slug, track_slug, position) VALUES ('test-setlist', 'alaska', 2) ON CONFLICT(project_slug, track_slug) DO UPDATE SET position = excluded.position;
INSERT INTO project_tracks (project_slug, track_slug, position) VALUES ('test-setlist', 'all-alone', 3) ON CONFLICT(project_slug, track_slug) DO UPDATE SET position = excluded.position;
INSERT INTO project_tracks (project_slug, track_slug, position) VALUES ('test-setlist', 'alright', 4) ON CONFLICT(project_slug, track_slug) DO UPDATE SET position = excluded.position;
INSERT INTO project_tracks (project_slug, track_slug, position) VALUES ('test-setlist', 'anachronism', 5) ON CONFLICT(project_slug, track_slug) DO UPDATE SET position = excluded.position;
INSERT INTO project_tracks (project_slug, track_slug, position) VALUES ('test-setlist', 'angel-in-distress', 6) ON CONFLICT(project_slug, track_slug) DO UPDATE SET position = excluded.position;
INSERT INTO project_tracks (project_slug, track_slug, position) VALUES ('test-setlist', 'bill-murrays-boat', 7) ON CONFLICT(project_slug, track_slug) DO UPDATE SET position = excluded.position;
INSERT INTO project_tracks (project_slug, track_slug, position) VALUES ('test-setlist', 'bouncy-vampire', 8) ON CONFLICT(project_slug, track_slug) DO UPDATE SET position = excluded.position;
INSERT INTO project_tracks (project_slug, track_slug, position) VALUES ('test-single', 'cant-make-everybody-happy', 1) ON CONFLICT(project_slug, track_slug) DO UPDATE SET position = excluded.position;
INSERT INTO project_tracks (project_slug, track_slug, position) VALUES ('test-single', 'canyon-cove', 2) ON CONFLICT(project_slug, track_slug) DO UPDATE SET position = excluded.position;


