PRAGMA foreign_keys = ON;

INSERT INTO artists (slug, name, description) VALUES ('dan-bednarczyk', 'Dan Bednarczyk', '') ON CONFLICT(slug) DO UPDATE SET name = excluded.name, description = excluded.description;

DELETE FROM project_tracks WHERE project_slug IN ('test-project', 'test-album', 'test-ep', 'test-setlist', 'test-single');
DELETE FROM project_artists WHERE project_slug IN ('test-project', 'test-album', 'test-ep', 'test-setlist', 'test-single');
DELETE FROM projects WHERE slug IN ('test-project', 'test-album', 'test-ep', 'test-setlist', 'test-single');

INSERT INTO projects (slug, name, description, type, release_date, remaster_date) VALUES ('test-album', 'Test Album', '', 'album', NULL, NULL) ON CONFLICT(slug) DO UPDATE SET name = excluded.name, description = excluded.description, type = excluded.type, release_date = excluded.release_date, remaster_date = excluded.remaster_date;
INSERT INTO project_artists (project_slug, artist_slug) VALUES ('test-album', 'dan-bednarczyk') ON CONFLICT(project_slug, artist_slug) DO NOTHING;
INSERT INTO projects (slug, name, description, type, release_date, remaster_date) VALUES ('test-ep', 'Test EP', '', 'ep', NULL, NULL) ON CONFLICT(slug) DO UPDATE SET name = excluded.name, description = excluded.description, type = excluded.type, release_date = excluded.release_date, remaster_date = excluded.remaster_date;
INSERT INTO project_artists (project_slug, artist_slug) VALUES ('test-ep', 'dan-bednarczyk') ON CONFLICT(project_slug, artist_slug) DO NOTHING;
INSERT INTO projects (slug, name, description, type, release_date, remaster_date) VALUES ('test-setlist', 'Test Setlist', '', 'setlist', NULL, NULL) ON CONFLICT(slug) DO UPDATE SET name = excluded.name, description = excluded.description, type = excluded.type, release_date = excluded.release_date, remaster_date = excluded.remaster_date;
INSERT INTO project_artists (project_slug, artist_slug) VALUES ('test-setlist', 'dan-bednarczyk') ON CONFLICT(project_slug, artist_slug) DO NOTHING;
INSERT INTO projects (slug, name, description, type, release_date, remaster_date) VALUES ('test-single', 'Test Single', '', 'single', NULL, NULL) ON CONFLICT(slug) DO UPDATE SET name = excluded.name, description = excluded.description, type = excluded.type, release_date = excluded.release_date, remaster_date = excluded.remaster_date;
INSERT INTO project_artists (project_slug, artist_slug) VALUES ('test-single', 'dan-bednarczyk') ON CONFLICT(project_slug, artist_slug) DO NOTHING;

INSERT INTO tracks (slug, name) VALUES ('accolade', 'Accolade') ON CONFLICT(slug) DO UPDATE SET name = tracks.name;
INSERT INTO tracks (slug, name) VALUES ('alaska', 'Alaska') ON CONFLICT(slug) DO UPDATE SET name = tracks.name;
INSERT INTO tracks (slug, name) VALUES ('all-alone', 'All Alone') ON CONFLICT(slug) DO UPDATE SET name = tracks.name;
INSERT INTO tracks (slug, name) VALUES ('alright', 'Alright') ON CONFLICT(slug) DO UPDATE SET name = tracks.name;
INSERT INTO tracks (slug, name) VALUES ('anachronism', 'Anachronism') ON CONFLICT(slug) DO UPDATE SET name = tracks.name;
INSERT INTO tracks (slug, name) VALUES ('angel-in-distress', 'Angel In Distress') ON CONFLICT(slug) DO UPDATE SET name = tracks.name;
INSERT INTO tracks (slug, name) VALUES ('architecture', 'Architecture') ON CONFLICT(slug) DO UPDATE SET name = tracks.name;
INSERT INTO tracks (slug, name) VALUES ('bill-murrays-boat', 'Bill Murrays Boat') ON CONFLICT(slug) DO UPDATE SET name = tracks.name;
INSERT INTO tracks (slug, name) VALUES ('bouncy-vampire', 'Bouncy Vampire') ON CONFLICT(slug) DO UPDATE SET name = tracks.name;
INSERT INTO tracks (slug, name) VALUES ('brooding-finale', 'Brooding Finale') ON CONFLICT(slug) DO UPDATE SET name = tracks.name;
INSERT INTO tracks (slug, name) VALUES ('but-a-fable', 'But A Fable') ON CONFLICT(slug) DO UPDATE SET name = tracks.name;
INSERT INTO tracks (slug, name) VALUES ('cant-make-everybody-happy', 'Cant Make Everybody Happy') ON CONFLICT(slug) DO UPDATE SET name = tracks.name;
INSERT INTO tracks (slug, name) VALUES ('canyon-cove', 'Canyon Cove') ON CONFLICT(slug) DO UPDATE SET name = tracks.name;
INSERT INTO tracks (slug, name) VALUES ('coming-to-get-me', 'Coming To Get Me') ON CONFLICT(slug) DO UPDATE SET name = tracks.name;
INSERT INTO tracks (slug, name) VALUES ('company', 'Company') ON CONFLICT(slug) DO UPDATE SET name = tracks.name;
INSERT INTO tracks (slug, name) VALUES ('compass', 'Compass') ON CONFLICT(slug) DO UPDATE SET name = tracks.name;
INSERT INTO tracks (slug, name) VALUES ('conquistador', 'Conquistador') ON CONFLICT(slug) DO UPDATE SET name = tracks.name;
INSERT INTO tracks (slug, name) VALUES ('contortion', 'Contortion') ON CONFLICT(slug) DO UPDATE SET name = tracks.name;
INSERT INTO tracks (slug, name) VALUES ('counting-days', 'Counting Days') ON CONFLICT(slug) DO UPDATE SET name = tracks.name;
INSERT INTO tracks (slug, name) VALUES ('county-fair-blues', 'County Fair Blues') ON CONFLICT(slug) DO UPDATE SET name = tracks.name;
INSERT INTO tracks (slug, name) VALUES ('crisis', 'Crisis') ON CONFLICT(slug) DO UPDATE SET name = tracks.name;
INSERT INTO tracks (slug, name) VALUES ('dark-fingerpicking', 'Dark Fingerpicking') ON CONFLICT(slug) DO UPDATE SET name = tracks.name;
INSERT INTO tracks (slug, name) VALUES ('dark-jazz-piano', 'Dark Jazz Piano') ON CONFLICT(slug) DO UPDATE SET name = tracks.name;
INSERT INTO tracks (slug, name) VALUES ('daydream', 'Daydream') ON CONFLICT(slug) DO UPDATE SET name = tracks.name;
INSERT INTO tracks (slug, name) VALUES ('days-without-rain', 'Days Without Rain') ON CONFLICT(slug) DO UPDATE SET name = tracks.name;
INSERT INTO tracks (slug, name) VALUES ('dead-in-the-water', 'Dead In The Water') ON CONFLICT(slug) DO UPDATE SET name = tracks.name;
INSERT INTO tracks (slug, name) VALUES ('diminished-riff', 'Diminished Riff') ON CONFLICT(slug) DO UPDATE SET name = tracks.name;
INSERT INTO tracks (slug, name) VALUES ('disaster-natural', 'Disaster Natural') ON CONFLICT(slug) DO UPDATE SET name = tracks.name;
INSERT INTO tracks (slug, name) VALUES ('dissonant-drone', 'Dissonant Drone') ON CONFLICT(slug) DO UPDATE SET name = tracks.name;
INSERT INTO tracks (slug, name) VALUES ('dont-ask-me', 'Dont Ask Me') ON CONFLICT(slug) DO UPDATE SET name = tracks.name;
INSERT INTO tracks (slug, name) VALUES ('down', 'Down') ON CONFLICT(slug) DO UPDATE SET name = tracks.name;
INSERT INTO tracks (slug, name) VALUES ('dying-inside', 'Dying Inside') ON CONFLICT(slug) DO UPDATE SET name = tracks.name;
INSERT INTO tracks (slug, name) VALUES ('dynamite-baby', 'Dynamite Baby') ON CONFLICT(slug) DO UPDATE SET name = tracks.name;
INSERT INTO tracks (slug, name) VALUES ('dynasty', 'Dynasty') ON CONFLICT(slug) DO UPDATE SET name = tracks.name;
INSERT INTO tracks (slug, name) VALUES ('eager-beaver-shuffle', 'Eager Beaver Shuffle') ON CONFLICT(slug) DO UPDATE SET name = tracks.name;
INSERT INTO tracks (slug, name) VALUES ('electric-lightening', 'Electric Lightening') ON CONFLICT(slug) DO UPDATE SET name = tracks.name;
INSERT INTO tracks (slug, name) VALUES ('electric-lightning', 'Electric Lightning') ON CONFLICT(slug) DO UPDATE SET name = tracks.name;
INSERT INTO tracks (slug, name) VALUES ('empathy', 'Empathy') ON CONFLICT(slug) DO UPDATE SET name = tracks.name;
INSERT INTO tracks (slug, name) VALUES ('empty-nesters', 'Empty Nesters') ON CONFLICT(slug) DO UPDATE SET name = tracks.name;
INSERT INTO tracks (slug, name) VALUES ('erasure', 'Erasure') ON CONFLICT(slug) DO UPDATE SET name = tracks.name;
INSERT INTO tracks (slug, name) VALUES ('ever-so-delicate', 'Ever So Delicate') ON CONFLICT(slug) DO UPDATE SET name = tracks.name;
INSERT INTO tracks (slug, name) VALUES ('everything-in-reverse', 'Everything In Reverse') ON CONFLICT(slug) DO UPDATE SET name = tracks.name;
INSERT INTO tracks (slug, name) VALUES ('failure', 'Failure') ON CONFLICT(slug) DO UPDATE SET name = tracks.name;
INSERT INTO tracks (slug, name) VALUES ('finding-infinity', 'Finding Infinity') ON CONFLICT(slug) DO UPDATE SET name = tracks.name;
INSERT INTO tracks (slug, name) VALUES ('flutter', 'Flutter') ON CONFLICT(slug) DO UPDATE SET name = tracks.name;
INSERT INTO tracks (slug, name) VALUES ('free', 'Free') ON CONFLICT(slug) DO UPDATE SET name = tracks.name;
INSERT INTO tracks (slug, name) VALUES ('from-here-to-manhattan', 'From Here To Manhattan') ON CONFLICT(slug) DO UPDATE SET name = tracks.name;
INSERT INTO tracks (slug, name) VALUES ('fuck-yes', 'Fuck Yes') ON CONFLICT(slug) DO UPDATE SET name = tracks.name;
INSERT INTO tracks (slug, name) VALUES ('funky-fusion', 'Funky Fusion') ON CONFLICT(slug) DO UPDATE SET name = tracks.name;
INSERT INTO tracks (slug, name) VALUES ('fuse-burning', 'Fuse Burning') ON CONFLICT(slug) DO UPDATE SET name = tracks.name;
INSERT INTO tracks (slug, name) VALUES ('gold-melt', 'Gold Melt') ON CONFLICT(slug) DO UPDATE SET name = tracks.name;
INSERT INTO tracks (slug, name) VALUES ('good-luck', 'Good Luck') ON CONFLICT(slug) DO UPDATE SET name = tracks.name;
INSERT INTO tracks (slug, name) VALUES ('good-times-rolling', 'Good Times Rolling') ON CONFLICT(slug) DO UPDATE SET name = tracks.name;
INSERT INTO tracks (slug, name) VALUES ('gravity', 'Gravity') ON CONFLICT(slug) DO UPDATE SET name = tracks.name;
INSERT INTO tracks (slug, name) VALUES ('handcuffs', 'Handcuffs') ON CONFLICT(slug) DO UPDATE SET name = tracks.name;
INSERT INTO tracks (slug, name) VALUES ('haunted-riff', 'Haunted Riff') ON CONFLICT(slug) DO UPDATE SET name = tracks.name;
INSERT INTO tracks (slug, name) VALUES ('heartbreak-kid', 'Heartbreak Kid') ON CONFLICT(slug) DO UPDATE SET name = tracks.name;
INSERT INTO tracks (slug, name) VALUES ('heartbreaking', 'Heartbreaking') ON CONFLICT(slug) DO UPDATE SET name = tracks.name;
INSERT INTO tracks (slug, name) VALUES ('helicopters', 'Helicopters') ON CONFLICT(slug) DO UPDATE SET name = tracks.name;
INSERT INTO tracks (slug, name) VALUES ('heres-hoping', 'Heres Hoping') ON CONFLICT(slug) DO UPDATE SET name = tracks.name;
INSERT INTO tracks (slug, name) VALUES ('home', 'Home') ON CONFLICT(slug) DO UPDATE SET name = tracks.name;
INSERT INTO tracks (slug, name) VALUES ('honey', 'Honey') ON CONFLICT(slug) DO UPDATE SET name = tracks.name;
INSERT INTO tracks (slug, name) VALUES ('in-the-darkness', 'In The Darkness') ON CONFLICT(slug) DO UPDATE SET name = tracks.name;
INSERT INTO tracks (slug, name) VALUES ('inbred-colors', 'Inbred Colors') ON CONFLICT(slug) DO UPDATE SET name = tracks.name;
INSERT INTO tracks (slug, name) VALUES ('keys-to-the-kingdom-of-keys', 'Keys To The Kingdom Of Keys') ON CONFLICT(slug) DO UPDATE SET name = tracks.name;
INSERT INTO tracks (slug, name) VALUES ('knot-of-fears', 'Knot Of Fears') ON CONFLICT(slug) DO UPDATE SET name = tracks.name;
INSERT INTO tracks (slug, name) VALUES ('krystals', 'Krystals') ON CONFLICT(slug) DO UPDATE SET name = tracks.name;
INSERT INTO tracks (slug, name) VALUES ('last-will', 'Last Will') ON CONFLICT(slug) DO UPDATE SET name = tracks.name;
INSERT INTO tracks (slug, name) VALUES ('latin-spice', 'Latin Spice') ON CONFLICT(slug) DO UPDATE SET name = tracks.name;
INSERT INTO tracks (slug, name) VALUES ('lemonade', 'Lemonade') ON CONFLICT(slug) DO UPDATE SET name = tracks.name;
INSERT INTO tracks (slug, name) VALUES ('life-is-good', 'Life Is Good') ON CONFLICT(slug) DO UPDATE SET name = tracks.name;
INSERT INTO tracks (slug, name) VALUES ('lifespan', 'Lifespan') ON CONFLICT(slug) DO UPDATE SET name = tracks.name;
INSERT INTO tracks (slug, name) VALUES ('lost-my-head', 'Lost My Head') ON CONFLICT(slug) DO UPDATE SET name = tracks.name;
INSERT INTO tracks (slug, name) VALUES ('love-bites', 'Love Bites') ON CONFLICT(slug) DO UPDATE SET name = tracks.name;
INSERT INTO tracks (slug, name) VALUES ('love-money-cant-buy', 'Love Money Cant Buy') ON CONFLICT(slug) DO UPDATE SET name = tracks.name;
INSERT INTO tracks (slug, name) VALUES ('lullaby', 'Lullaby') ON CONFLICT(slug) DO UPDATE SET name = tracks.name;
INSERT INTO tracks (slug, name) VALUES ('maniacal', 'Maniacal') ON CONFLICT(slug) DO UPDATE SET name = tracks.name;
INSERT INTO tracks (slug, name) VALUES ('manic-garden', 'Manic Garden') ON CONFLICT(slug) DO UPDATE SET name = tracks.name;
INSERT INTO tracks (slug, name) VALUES ('math-rock', 'Math Rock') ON CONFLICT(slug) DO UPDATE SET name = tracks.name;
INSERT INTO tracks (slug, name) VALUES ('memento-mori', 'Memento Mori') ON CONFLICT(slug) DO UPDATE SET name = tracks.name;
INSERT INTO tracks (slug, name) VALUES ('menace', 'Menace') ON CONFLICT(slug) DO UPDATE SET name = tracks.name;
INSERT INTO tracks (slug, name) VALUES ('midnight', 'Midnight') ON CONFLICT(slug) DO UPDATE SET name = tracks.name;
INSERT INTO tracks (slug, name) VALUES ('milk-your-mind', 'Milk Your Mind') ON CONFLICT(slug) DO UPDATE SET name = tracks.name;
INSERT INTO tracks (slug, name) VALUES ('millennium-undone', 'Millennium Undone') ON CONFLICT(slug) DO UPDATE SET name = tracks.name;
INSERT INTO tracks (slug, name) VALUES ('morgan', 'Morgan') ON CONFLICT(slug) DO UPDATE SET name = tracks.name;
INSERT INTO tracks (slug, name) VALUES ('mothership', 'Mothership') ON CONFLICT(slug) DO UPDATE SET name = tracks.name;
INSERT INTO tracks (slug, name) VALUES ('mumbler', 'Mumbler') ON CONFLICT(slug) DO UPDATE SET name = tracks.name;
INSERT INTO tracks (slug, name) VALUES ('never-coming-home', 'Never Coming Home') ON CONFLICT(slug) DO UPDATE SET name = tracks.name;
INSERT INTO tracks (slug, name) VALUES ('no-mistake', 'No Mistake') ON CONFLICT(slug) DO UPDATE SET name = tracks.name;
INSERT INTO tracks (slug, name) VALUES ('no-more-kids', 'No More Kids') ON CONFLICT(slug) DO UPDATE SET name = tracks.name;
INSERT INTO tracks (slug, name) VALUES ('not-much', 'Not Much') ON CONFLICT(slug) DO UPDATE SET name = tracks.name;
INSERT INTO tracks (slug, name) VALUES ('not-the-same', 'Not The Same') ON CONFLICT(slug) DO UPDATE SET name = tracks.name;
INSERT INTO tracks (slug, name) VALUES ('nowhere-to-be', 'Nowhere To Be') ON CONFLICT(slug) DO UPDATE SET name = tracks.name;
INSERT INTO tracks (slug, name) VALUES ('onward', 'Onward') ON CONFLICT(slug) DO UPDATE SET name = tracks.name;
INSERT INTO tracks (slug, name) VALUES ('open-d-ballad', 'Open D Ballad') ON CONFLICT(slug) DO UPDATE SET name = tracks.name;
INSERT INTO tracks (slug, name) VALUES ('patience', 'Patience') ON CONFLICT(slug) DO UPDATE SET name = tracks.name;
INSERT INTO tracks (slug, name) VALUES ('pretty-arps', 'Pretty Arps') ON CONFLICT(slug) DO UPDATE SET name = tracks.name;
INSERT INTO tracks (slug, name) VALUES ('rafting', 'Rafting') ON CONFLICT(slug) DO UPDATE SET name = tracks.name;
INSERT INTO tracks (slug, name) VALUES ('river-road', 'River Road') ON CONFLICT(slug) DO UPDATE SET name = tracks.name;
INSERT INTO tracks (slug, name) VALUES ('rust', 'Rust') ON CONFLICT(slug) DO UPDATE SET name = tracks.name;
INSERT INTO tracks (slug, name) VALUES ('sands-of-time', 'Sands Of Time') ON CONFLICT(slug) DO UPDATE SET name = tracks.name;
INSERT INTO tracks (slug, name) VALUES ('shame', 'Shame') ON CONFLICT(slug) DO UPDATE SET name = tracks.name;
INSERT INTO tracks (slug, name) VALUES ('silver', 'Silver') ON CONFLICT(slug) DO UPDATE SET name = tracks.name;
INSERT INTO tracks (slug, name) VALUES ('sinking', 'Sinking') ON CONFLICT(slug) DO UPDATE SET name = tracks.name;
INSERT INTO tracks (slug, name) VALUES ('smashing-atoms', 'Smashing Atoms') ON CONFLICT(slug) DO UPDATE SET name = tracks.name;
INSERT INTO tracks (slug, name) VALUES ('smoky-mountains', 'Smoky Mountains') ON CONFLICT(slug) DO UPDATE SET name = tracks.name;
INSERT INTO tracks (slug, name) VALUES ('soapy-cat', 'Soapy Cat') ON CONFLICT(slug) DO UPDATE SET name = tracks.name;
INSERT INTO tracks (slug, name) VALUES ('somebody-do-something', 'Somebody Do Something') ON CONFLICT(slug) DO UPDATE SET name = tracks.name;
INSERT INTO tracks (slug, name) VALUES ('sorry-the-sky-is-falling', 'Sorry The Sky Is Falling') ON CONFLICT(slug) DO UPDATE SET name = tracks.name;
INSERT INTO tracks (slug, name) VALUES ('stone-weavers', 'Stone Weavers') ON CONFLICT(slug) DO UPDATE SET name = tracks.name;
INSERT INTO tracks (slug, name) VALUES ('strange', 'Strange') ON CONFLICT(slug) DO UPDATE SET name = tracks.name;
INSERT INTO tracks (slug, name) VALUES ('suffocate', 'Suffocate') ON CONFLICT(slug) DO UPDATE SET name = tracks.name;
INSERT INTO tracks (slug, name) VALUES ('summer-sunset', 'Summer Sunset') ON CONFLICT(slug) DO UPDATE SET name = tracks.name;
INSERT INTO tracks (slug, name) VALUES ('sweet-isolation', 'Sweet Isolation') ON CONFLICT(slug) DO UPDATE SET name = tracks.name;
INSERT INTO tracks (slug, name) VALUES ('synthetic-love', 'Synthetic Love') ON CONFLICT(slug) DO UPDATE SET name = tracks.name;
INSERT INTO tracks (slug, name) VALUES ('taketime', 'Taketime') ON CONFLICT(slug) DO UPDATE SET name = tracks.name;
INSERT INTO tracks (slug, name) VALUES ('teeth', 'Teeth') ON CONFLICT(slug) DO UPDATE SET name = tracks.name;
INSERT INTO tracks (slug, name) VALUES ('tempest', 'Tempest') ON CONFLICT(slug) DO UPDATE SET name = tracks.name;
INSERT INTO tracks (slug, name) VALUES ('the-rainy-season', 'The Rainy Season') ON CONFLICT(slug) DO UPDATE SET name = tracks.name;
INSERT INTO tracks (slug, name) VALUES ('thrash-metal', 'Thrash Metal') ON CONFLICT(slug) DO UPDATE SET name = tracks.name;
INSERT INTO tracks (slug, name) VALUES ('tomorrow-my-contentions', 'Tomorrow My Contentions') ON CONFLICT(slug) DO UPDATE SET name = tracks.name;
INSERT INTO tracks (slug, name) VALUES ('toys-in-the-attic', 'Toys In The Attic') ON CONFLICT(slug) DO UPDATE SET name = tracks.name;
INSERT INTO tracks (slug, name) VALUES ('twisted-world', 'Twisted World') ON CONFLICT(slug) DO UPDATE SET name = tracks.name;
INSERT INTO tracks (slug, name) VALUES ('underground', 'Underground') ON CONFLICT(slug) DO UPDATE SET name = tracks.name;
INSERT INTO tracks (slug, name) VALUES ('unprepared', 'Unprepared') ON CONFLICT(slug) DO UPDATE SET name = tracks.name;
INSERT INTO tracks (slug, name) VALUES ('upbeat-dissonant', 'Upbeat Dissonant') ON CONFLICT(slug) DO UPDATE SET name = tracks.name;
INSERT INTO tracks (slug, name) VALUES ('vacation-in-hell', 'Vacation In Hell') ON CONFLICT(slug) DO UPDATE SET name = tracks.name;
INSERT INTO tracks (slug, name) VALUES ('when-it-rains-and-when-it-doesnt', 'When It Rains And When It Doesnt') ON CONFLICT(slug) DO UPDATE SET name = tracks.name;
INSERT INTO tracks (slug, name) VALUES ('wild-crazy', 'Wild Crazy') ON CONFLICT(slug) DO UPDATE SET name = tracks.name;
INSERT INTO tracks (slug, name) VALUES ('wilderness', 'Wilderness') ON CONFLICT(slug) DO UPDATE SET name = tracks.name;
INSERT INTO tracks (slug, name) VALUES ('wings', 'Wings') ON CONFLICT(slug) DO UPDATE SET name = tracks.name;
INSERT INTO tracks (slug, name) VALUES ('woodsy', 'Woodsy') ON CONFLICT(slug) DO UPDATE SET name = tracks.name;
INSERT INTO tracks (slug, name) VALUES ('worth', 'Worth') ON CONFLICT(slug) DO UPDATE SET name = tracks.name;
INSERT INTO tracks (slug, name) VALUES ('wrath-of-the-grapes', 'Wrath Of The Grapes') ON CONFLICT(slug) DO UPDATE SET name = tracks.name;

DELETE FROM track_artists WHERE artist_slug = 'dan-bednarczyk';
INSERT INTO track_artists (track_slug, artist_slug) VALUES ('accolade', 'dan-bednarczyk') ON CONFLICT(track_slug, artist_slug) DO NOTHING;
INSERT INTO track_artists (track_slug, artist_slug) VALUES ('alaska', 'dan-bednarczyk') ON CONFLICT(track_slug, artist_slug) DO NOTHING;
INSERT INTO track_artists (track_slug, artist_slug) VALUES ('all-alone', 'dan-bednarczyk') ON CONFLICT(track_slug, artist_slug) DO NOTHING;
INSERT INTO track_artists (track_slug, artist_slug) VALUES ('alright', 'dan-bednarczyk') ON CONFLICT(track_slug, artist_slug) DO NOTHING;
INSERT INTO track_artists (track_slug, artist_slug) VALUES ('anachronism', 'dan-bednarczyk') ON CONFLICT(track_slug, artist_slug) DO NOTHING;
INSERT INTO track_artists (track_slug, artist_slug) VALUES ('angel-in-distress', 'dan-bednarczyk') ON CONFLICT(track_slug, artist_slug) DO NOTHING;
INSERT INTO track_artists (track_slug, artist_slug) VALUES ('architecture', 'dan-bednarczyk') ON CONFLICT(track_slug, artist_slug) DO NOTHING;
INSERT INTO track_artists (track_slug, artist_slug) VALUES ('bill-murrays-boat', 'dan-bednarczyk') ON CONFLICT(track_slug, artist_slug) DO NOTHING;
INSERT INTO track_artists (track_slug, artist_slug) VALUES ('bouncy-vampire', 'dan-bednarczyk') ON CONFLICT(track_slug, artist_slug) DO NOTHING;
INSERT INTO track_artists (track_slug, artist_slug) VALUES ('brooding-finale', 'dan-bednarczyk') ON CONFLICT(track_slug, artist_slug) DO NOTHING;
INSERT INTO track_artists (track_slug, artist_slug) VALUES ('but-a-fable', 'dan-bednarczyk') ON CONFLICT(track_slug, artist_slug) DO NOTHING;
INSERT INTO track_artists (track_slug, artist_slug) VALUES ('cant-make-everybody-happy', 'dan-bednarczyk') ON CONFLICT(track_slug, artist_slug) DO NOTHING;
INSERT INTO track_artists (track_slug, artist_slug) VALUES ('canyon-cove', 'dan-bednarczyk') ON CONFLICT(track_slug, artist_slug) DO NOTHING;
INSERT INTO track_artists (track_slug, artist_slug) VALUES ('coming-to-get-me', 'dan-bednarczyk') ON CONFLICT(track_slug, artist_slug) DO NOTHING;
INSERT INTO track_artists (track_slug, artist_slug) VALUES ('company', 'dan-bednarczyk') ON CONFLICT(track_slug, artist_slug) DO NOTHING;

INSERT INTO project_tracks (project_slug, track_slug, position) VALUES ('test-album', 'accolade', 1) ON CONFLICT(project_slug, track_slug) DO UPDATE SET position = excluded.position;
INSERT INTO project_tracks (project_slug, track_slug, position) VALUES ('test-album', 'alaska', 2) ON CONFLICT(project_slug, track_slug) DO UPDATE SET position = excluded.position;
INSERT INTO project_tracks (project_slug, track_slug, position) VALUES ('test-album', 'all-alone', 3) ON CONFLICT(project_slug, track_slug) DO UPDATE SET position = excluded.position;
INSERT INTO project_tracks (project_slug, track_slug, position) VALUES ('test-album', 'alright', 4) ON CONFLICT(project_slug, track_slug) DO UPDATE SET position = excluded.position;
INSERT INTO project_tracks (project_slug, track_slug, position) VALUES ('test-album', 'anachronism', 5) ON CONFLICT(project_slug, track_slug) DO UPDATE SET position = excluded.position;
INSERT INTO project_tracks (project_slug, track_slug, position) VALUES ('test-album', 'angel-in-distress', 6) ON CONFLICT(project_slug, track_slug) DO UPDATE SET position = excluded.position;
INSERT INTO project_tracks (project_slug, track_slug, position) VALUES ('test-album', 'architecture', 7) ON CONFLICT(project_slug, track_slug) DO UPDATE SET position = excluded.position;
INSERT INTO project_tracks (project_slug, track_slug, position) VALUES ('test-album', 'bill-murrays-boat', 8) ON CONFLICT(project_slug, track_slug) DO UPDATE SET position = excluded.position;
INSERT INTO project_tracks (project_slug, track_slug, position) VALUES ('test-album', 'bouncy-vampire', 9) ON CONFLICT(project_slug, track_slug) DO UPDATE SET position = excluded.position;
INSERT INTO project_tracks (project_slug, track_slug, position) VALUES ('test-album', 'brooding-finale', 10) ON CONFLICT(project_slug, track_slug) DO UPDATE SET position = excluded.position;
INSERT INTO project_tracks (project_slug, track_slug, position) VALUES ('test-ep', 'but-a-fable', 1) ON CONFLICT(project_slug, track_slug) DO UPDATE SET position = excluded.position;
INSERT INTO project_tracks (project_slug, track_slug, position) VALUES ('test-ep', 'cant-make-everybody-happy', 2) ON CONFLICT(project_slug, track_slug) DO UPDATE SET position = excluded.position;
INSERT INTO project_tracks (project_slug, track_slug, position) VALUES ('test-ep', 'canyon-cove', 3) ON CONFLICT(project_slug, track_slug) DO UPDATE SET position = excluded.position;
INSERT INTO project_tracks (project_slug, track_slug, position) VALUES ('test-ep', 'coming-to-get-me', 4) ON CONFLICT(project_slug, track_slug) DO UPDATE SET position = excluded.position;
INSERT INTO project_tracks (project_slug, track_slug, position) VALUES ('test-ep', 'company', 5) ON CONFLICT(project_slug, track_slug) DO UPDATE SET position = excluded.position;
INSERT INTO project_tracks (project_slug, track_slug, position) VALUES ('test-setlist', 'accolade', 1) ON CONFLICT(project_slug, track_slug) DO UPDATE SET position = excluded.position;
INSERT INTO project_tracks (project_slug, track_slug, position) VALUES ('test-setlist', 'alaska', 2) ON CONFLICT(project_slug, track_slug) DO UPDATE SET position = excluded.position;
INSERT INTO project_tracks (project_slug, track_slug, position) VALUES ('test-setlist', 'all-alone', 3) ON CONFLICT(project_slug, track_slug) DO UPDATE SET position = excluded.position;
INSERT INTO project_tracks (project_slug, track_slug, position) VALUES ('test-setlist', 'alright', 4) ON CONFLICT(project_slug, track_slug) DO UPDATE SET position = excluded.position;
INSERT INTO project_tracks (project_slug, track_slug, position) VALUES ('test-setlist', 'anachronism', 5) ON CONFLICT(project_slug, track_slug) DO UPDATE SET position = excluded.position;
INSERT INTO project_tracks (project_slug, track_slug, position) VALUES ('test-setlist', 'angel-in-distress', 6) ON CONFLICT(project_slug, track_slug) DO UPDATE SET position = excluded.position;
INSERT INTO project_tracks (project_slug, track_slug, position) VALUES ('test-setlist', 'architecture', 7) ON CONFLICT(project_slug, track_slug) DO UPDATE SET position = excluded.position;
INSERT INTO project_tracks (project_slug, track_slug, position) VALUES ('test-setlist', 'bill-murrays-boat', 8) ON CONFLICT(project_slug, track_slug) DO UPDATE SET position = excluded.position;
INSERT INTO project_tracks (project_slug, track_slug, position) VALUES ('test-single', 'but-a-fable', 1) ON CONFLICT(project_slug, track_slug) DO UPDATE SET position = excluded.position;
INSERT INTO project_tracks (project_slug, track_slug, position) VALUES ('test-single', 'cant-make-everybody-happy', 2) ON CONFLICT(project_slug, track_slug) DO UPDATE SET position = excluded.position;

